batter,player_name,game_date,pitch_type,plate_x,plate_z,zone,description,events,type,hc_x,hc_y,hit_distance_sc,launch_speed,launch_angle,bb_type,estimated_ba_using_speedangle,estimated_woba_using_speedangle,p_throws,stand,balls,strikes,season
681987,"Eaton, Nate",2024-03-23,,,,,hit_into_play,single,X,71.93,114.15,,,,line_drive,,,R,R,0,0,2024
681987,"Eaton, Nate",2024-03-21,,,,,hit_into_play,field_out,X,105.55,175.62,,,,ground_ball,,,L,R,0,0,2024
681987,"Eaton, Nate",2024-03-21,,,,,hit_into_play,field_out,X,109.61,160.35,,,,ground_ball,,,L,R,0,0,2024
681987,"Eaton, Nate",2024-03-21,,,,,swinging_strike_blocked,strikeout,S,,,,,,,,,R,R,0,2,2024
681987,"Eaton, Nate",2024-03-21,,,,,called_strike,,S,,,,,,,,,R,R,0,1,2024
681987,"Eaton, Nate",2024-03-21,,,,,called_strike,,S,,,,,,,,,R,R,0,0,2024
681987,"Eaton, Nate",2024-03-21,,,,,hit_into_play,field_out,X,138.57,187.83,,,,popup,,,R,R,0,0,2024
695670,"Ford, Harry",2024-03-22,SI,-0.61,1.57,7.0,hit_into_play,field_out,X,102.86,166.77,4.0,85.3,-20.0,ground_ball,0.074,,R,R,1,1,2024
695670,"Ford, Harry",2024-03-22,FF,0.11,2.73,2.0,foul,,S,,,177.0,83.3,72.0,,,,R,R,1,0,2024
695670,"Ford, Harry",2024-03-22,SL,1.37,0.15,14.0,blocked_ball,,B,,,,,,,,,R,R,0,0,2024
681987,"Eaton, Nate",2025-10-01,FF,0.92,1.4,14.0,ball,walk,B,,,,,,,,0.691497,L,R,3,0,2025
681987,"Eaton, Nate",2025-10-01,SI,-0.79,1.62,7.0,ball,,B,,,,,,,,,L,R,2,0,2025
681987,"Eaton, Nate",2025-10-01,SI,0.57,1.38,14.0,ball,,B,,,,,,,,,L,R,1,0,2025
681987,"Eaton, Nate",2025-10-01,CH,-0.79,1.59,7.0,ball,,B,,,,,,,,,L,R,0,0,2025
681987,"Eaton, Nate",2025-10-01,FF,0.75,2.07,9.0,hit_into_play,single,X,175.68,95.75,175.0,101.4,8.0,line_drive,0.658,0.6,L,R,1,1,2025
681987,"Eaton, Nate",2025-10-01,CH,-0.02,0.66,13.0,ball,,B,,,,,,,,,L,R,0,1,2025
681987,"Eaton, Nate",2025-10-01,CH,1.01,1.91,14.0,swinging_strike,,S,,,,,,,,,L,R,0,0,2025
681987,"Eaton, Nate",2025-10-01,CH,0.8,1.66,9.0,swinging_strike,strikeout,S,,,,,,,,0.0,L,R,0,2,2025
681987,"Eaton, Nate",2025-10-01,CH,0.26,1.04,14.0,swinging_strike,,S,,,,,,,,,L,R,0,1,2025
681987,"Eaton, Nate",2025-10-01,SL,0.62,2.59,6.0,called_strike,,S,,,,,,,,,L,R,0,0,2025
681987,"Eaton, Nate",2025-09-30,FC,0.07,3.02,2.0,hit_into_play,grounded_into_double_play,X,128.41,135.39,126.0,76.6,9.0,ground_ball,0.299,0.269,L,R,3,2,2025
681987,"Eaton, Nate",2025-09-30,FC,0.98,2.44,14.0,foul,,S,,,162.0,70.8,62.0,,,,L,R,3,1,2025
681987,"Eaton, Nate",2025-09-30,SI,1.73,2.22,14.0,ball,,B,,,,,,,,,L,R,2,1,2025
681987,"Eaton, Nate",2025-09-30,CH,2.01,3.49,12.0,ball,,B,,,,,,,,,L,R,1,1,2025
681987,"Eaton, Nate",2025-09-30,CH,1.88,2.9,12.0,ball,,B,,,,,,,,,L,R,0,1,2025
681987,"Eaton, Nate",2025-09-30,SI,0.76,2.45,6.0,called_strike,,S,,,,,,,,,L,R,0,0,2025
681987,"Eaton, Nate",2025-09-30,FF,-0.08,2.7,5.0,hit_into_play,double,X,181.08,151.66,145.0,60.3,22.0,line_drive,0.41,0.369,L,R,2,2,2025
681987,"Eaton, Nate",2025-09-30,FF,1.29,2.73,12.0,ball,,B,,,,,,,,,L,R,1,2,2025
681987,"Eaton, Nate",2025-09-30,CH,0.65,1.41,14.0,ball,,B,,,,,,,,,L,R,0,2,2025
681987,"Eaton, Nate",2025-09-30,CH,0.65,2.75,6.0,foul,,S,,,,,,,,,L,R,0,1,2025
681987,"Eaton, Nate",2025-09-30,CU,0.22,1.87,8.0,called_strike,,S,,,,,,,,,L,R,0,0,2025
681987,"Eaton, Nate",2025-09-30,FC,0.17,2.85,5.0,hit_into_play,field_out,X,138.59,158.97,3.0,80.8,-41.0,ground_ball,0.068,0.083,L,R,1,1,2025
681987,"Eaton, Nate",2025-09-30,CH,1.77,3.62,12.0,ball,,B,,,,,,,,,L,R,0,1,2025
681987,"Eaton, Nate",2025-09-30,ST,-1.1,1.64,13.0,swinging_strike,,S,,,,,,,,,L,R,0,0,2025
681987,"Eaton, Nate",2025-09-27,SI,0.05,2.7,5.0,swinging_strike,strikeout,S,,,,,,,,0.0,R,R,2,2,2025
681987,"Eaton, Nate",2025-09-27,FF,0.4,4.05,12.0,ball,,B,,,,,,,,,R,R,1,2,2025
681987,"Eaton, Nate",2025-09-27,SI,-0.71,3.3,1.0,foul,,S,,,148.0,57.6,53.0,,,,R,R,1,1,2025
681987,"Eaton, Nate",2025-09-27,SI,0.5,1.92,9.0,called_strike,,S,,,,,,,,,R,R,1,0,2025
681987,"Eaton, Nate",2025-09-27,SL,1.13,2.72,12.0,ball,,B,,,,,,,,,R,R,0,0,2025
681987,"Eaton, Nate",2025-09-27,SL,0.16,1.85,8.0,hit_into_play,field_out,X,171.02,64.81,349.0,98.8,31.0,fly_ball,0.390235294117647,0.7534117647058826,R,R,1,1,2025
681987,"Eaton, Nate",2025-09-27,SI,-1.66,3.09,11.0,ball,,B,,,,,,,,,R,R,0,1,2025
681987,"Eaton, Nate",2025-09-27,FF,0.31,2.83,6.0,called_strike,,S,,,,,,,,,R,R,0,0,2025
681987,"Eaton, Nate",2025-09-27,SI,-0.09,2.71,5.0,hit_into_play,single,X,104.18,143.57,13.0,103.2,-12.0,ground_ball,0.284,0.317,R,R,1,2,2025
681987,"Eaton, Nate",2025-09-27,FS,0.5,1.27,14.0,foul,,S,,,3.0,80.6,-28.0,,,,R,R,1,2,2025
681987,"Eaton, Nate",2025-09-27,FF,0.26,2.47,5.0,foul,,S,,,238.0,77.1,38.0,,,,R,R,1,2,2025
681987,"Eaton, Nate",2025-09-27,FS,0.09,2.92,2.0,called_strike,,S,,,,,,,,,R,R,1,1,2025
681987,"Eaton, Nate",2025-09-27,FS,0.79,0.82,14.0,ball,,B,,,,,,,,,R,R,0,1,2025
681987,"Eaton, Nate",2025-09-27,SI,-1.06,1.93,13.0,swinging_strike,,S,,,,,,,,,R,R,0,0,2025
681987,"Eaton, Nate",2025-09-25,FC,0.29,3.37,3.0,hit_into_play,grounded_into_double_play,X,136.75,149.22,10.0,83.5,-18.0,ground_ball,0.081,0.092,L,R,2,1,2025
681987,"Eaton, Nate",2025-09-25,SI,-1.9,1.88,13.0,ball,,B,,,,,,,,,L,R,1,1,2025
681987,"Eaton, Nate",2025-09-25,SI,-0.44,2.76,4.0,called_strike,,S,,,,,,,,,L,R,1,0,2025
681987,"Eaton, Nate",2025-09-25,SI,1.54,2.38,14.0,ball,,B,,,,,,,,,L,R,0,0,2025
681987,"Eaton, Nate",2025-09-20,SL,0.54,2.22,6.0,hit_into_play,sac_bunt,X,136.11,190.35,1.0,37.9,-60.0,ground_ball,0.22,,R,R,2,1,2025
681987,"Eaton, Nate",2025-09-20,SI,-0.26,2.28,5.0,foul,,S,,,3.0,82.9,-40.0,,,,R,R,2,0,2025
681987,"Eaton, Nate",2025-09-20,SL,0.54,1.0,14.0,ball,,B,,,,,,,,,R,R,1,0,2025
681987,"Eaton, Nate",2025-09-20,SL,2.17,0.52,14.0,ball,,B,,,,,,,,,R,R,0,0,2025
681987,"Eaton, Nate",2025-09-20,SL,0.8,1.91,9.0,hit_into_play,field_out,X,132.78,86.84,280.0,89.2,18.0,line_drive,0.666,0.625,R,R,2,2,2025
681987,"Eaton, Nate",2025-09-20,SL,0.11,2.63,5.0,hit_into_play,force_out,X,111.28,156.24,10.0,95.6,-14.0,ground_ball,0.157,0.181,R,R,1,1,2025
681987,"Eaton, Nate",2025-09-20,FF,0.82,2.88,6.0,called_strike,,S,,,,,,,,,R,R,2,1,2025
681987,"Eaton, Nate",2025-09-20,CH,0.75,-0.17,14.0,blocked_ball,,B,,,,,,,,,R,R,0,1,2025
681987,"Eaton, Nate",2025-09-20,ST,1.91,1.35,14.0,ball,,B,,,,,,,,,R,R,1,1,2025
681987,"Eaton, Nate",2025-09-20,SI,0.52,1.4,14.0,called_strike,,S,,,,,,,,,R,R,0,0,2025
681987,"Eaton, Nate",2025-09-20,ST,-0.13,1.15,13.0,ball,,B,,,,,,,,,R,R,0,1,2025
681987,"Eaton, Nate",2025-09-20,FF,1.25,2.82,12.0,swinging_strike,,S,,,,,,,,,R,R,0,0,2025
681987,"Eaton, Nate",2025-09-20,SL,0.65,2.13,9.0,hit_into_play,field_out,X,171.18,101.97,266.0,84.9,34.0,fly_ball,0.015,0.02,R,R,0,1,2025
681987,"Eaton, Nate",2025-09-20,FF,0.65,2.23,9.0,called_strike,,S,,,,,,,,,R,R,0,0,2025
681987,"Eaton, Nate",2025-09-20,SL,0.09,2.1,8.0,hit_into_play,fielders_choice,X,107.22,153.2,22.0,107.9,-4.0,ground_ball,0.41,0.372,R,R,0,1,2025
681987,"Eaton, Nate",2025-09-20,SL,0.45,2.52,6.0,foul_bunt,,S,,,,,,,,,R,R,0,0,2025
681987,"Eaton, Nate",2025-09-19,FC,0.31,1.82,9.0,hit_into_play,field_out,X,109.25,154.22,48.0,97.0,0.0,ground_ball,0.446,0.474,R,R,3,2,2025
681987,"Eaton, Nate",2025-09-19,SI,0.45,2.34,9.0,called_strike,,S,,,,,,,,,R,R,3,1,2025
681987,"Eaton, Nate",2025-09-19,FF,-0.6,3.48,1.0,ball,,B,,,,,,,,,R,R,2,1,2025
681987,"Eaton, Nate",2025-09-19,FC,0.86,2.96,12.0,ball,,B,,,,,,,,,R,R,1,1,2025
681987,"Eaton, Nate",2025-09-19,SI,-0.2,2.59,5.0,called_strike,,S,,,,,,,,,R,R,1,0,2025
681987,"Eaton, Nate",2025-09-19,FC,0.33,3.62,12.0,ball,,B,,,,,,,,,R,R,0,0,2025
681987,"Eaton, Nate",2025-09-19,SI,-1.43,4.87,11.0,ball,walk,B,,,,,,,,0.691497,R,R,3,2,2025
681987,"Eaton, Nate",2025-09-19,SL,0.17,2.97,2.0,foul,,S,,,4.0,75.0,-40.0,,,,R,R,3,2,2025
681987,"Eaton, Nate",2025-09-19,FF,0.55,2.44,6.0,foul,,S,,,282.0,87.5,39.0,,,,R,R,3,2,2025
681987,"Eaton, Nate",2025-09-19,ST,1.44,0.81,14.0,ball,,B,,,,,,,,,R,R,2,2,2025
681987,"Eaton, Nate",2025-09-19,SL,-0.92,2.69,11.0,foul,,S,,,,,,,,,R,R,2,1,2025
681987,"Eaton, Nate",2025-09-19,SI,-0.77,1.98,7.0,foul,,S,,,403.0,112.7,26.0,,,,R,R,2,0,2025
681987,"Eaton, Nate",2025-09-19,SI,-1.67,4.16,11.0,ball,,B,,,,,,,,,R,R,1,0,2025
681987,"Eaton, Nate",2025-09-19,SL,-0.91,2.45,13.0,ball,,B,,,,,,,,,R,R,0,0,2025
681987,"Eaton, Nate",2025-09-19,FC,0.94,2.73,12.0,hit_into_play,single,X,144.0,161.0,72.0,69.8,5.0,ground_ball,0.195,0.225,R,R,0,1,2025
681987,"Eaton, Nate",2025-09-19,FF,0.4,2.12,9.0,called_strike,,S,,,,,,,,,R,R,0,0,2025
681987,"Eaton, Nate",2025-09-19,SI,-0.21,3.31,2.0,hit_into_play,single,X,134.08,100.5,6.0,95.8,-27.0,ground_ball,0.078,0.094,R,R,0,1,2025
681987,"Eaton, Nate",2025-09-19,SI,-0.13,1.74,8.0,called_strike,,S,,,,,,,,,R,R,0,0,2025
681987,"Eaton, Nate",2025-09-19,ST,0.18,1.5,14.0,called_strike,strikeout,S,,,,,,,,0.0,R,R,2,2,2025
681987,"Eaton, Nate",2025-09-19,SI,-0.48,2.74,4.0,foul,,S,,,,,,,,,R,R,2,1,2025
681987,"Eaton, Nate",2025-09-19,ST,0.49,3.52,3.0,ball,,B,,,,,,,,,R,R,1,1,2025
681987,"Eaton, Nate",2025-09-19,SI,-0.78,3.13,1.0,foul,,S,,,229.0,70.1,39.0,,,,R,R,1,0,2025
681987,"Eaton, Nate",2025-09-19,FC,0.86,1.38,14.0,ball,,B,,,,,,,,,R,R,0,0,2025
681987,"Eaton, Nate",2025-09-18,SI,-0.05,1.59,8.0,hit_into_play,field_out,X,110.42,146.19,5.0,107.2,-19.0,ground_ball,0.144,0.168,R,R,1,1,2025
681987,"Eaton, Nate",2025-09-18,SI,-1.23,2.03,13.0,ball,,B,,,,,,,,,R,R,0,1,2025
681987,"Eaton, Nate",2025-09-18,SL,0.01,2.85,2.0,called_strike,,S,,,,,,,,,R,R,0,0,2025
681987,"Eaton, Nate",2025-09-18,SL,1.33,1.9,14.0,hit_into_play,single,X,116.75,182.1,2.0,60.3,-45.0,ground_ball,0.175,0.2,R,R,1,2,2025
681987,"Eaton, Nate",2025-09-18,SL,1.59,2.98,12.0,ball,,B,,,,,,,,,R,R,0,2,2025
681987,"Eaton, Nate",2025-09-18,SI,-0.27,2.2,5.0,foul,,S,,,,,,,,,R,R,0,2,2025
681987,"Eaton, Nate",2025-09-18,SI,-0.34,2.49,4.0,foul,,S,,,,,,,,,R,R,0,1,2025
681987,"Eaton, Nate",2025-09-18,SL,0.86,2.35,14.0,called_strike,,S,,,,,,,,,R,R,0,0,2025
681987,"Eaton, Nate",2025-09-18,ST,0.74,2.51,6.0,hit_into_play,single,X,123.69,101.44,145.0,88.7,9.0,ground_ball,0.539,0.488,R,R,1,1,2025
681987,"Eaton, Nate",2025-09-18,SI,-0.88,3.06,11.0,ball,,B,,,,,,,,,R,R,0,1,2025
681987,"Eaton, Nate",2025-09-18,SL,0.48,2.63,6.0,called_strike,,S,,,,,,,,,R,R,0,0,2025
681987,"Eaton, Nate",2025-09-16,SL,0.33,1.82,9.0,hit_into_play,field_out,X,129.98,106.8,231.0,83.8,53.0,fly_ball,0.028,0.032,L,R,2,0,2025
681987,"Eaton, Nate",2025-09-16,CH,1.0,1.21,14.0,ball,,B,,,,,,,,,L,R,1,0,2025
681987,"Eaton, Nate",2025-09-16,ST,1.45,2.62,12.0,ball,,B,,,,,,,,,L,R,0,0,2025
681987,"Eaton, Nate",2025-09-16,SL,0.86,1.83,14.0,hit_into_play,field_out,X,102.16,167.9,16.0,74.0,-5.0,ground_ball,0.084,0.094,R,R,0,0,2025
681987,"Eaton, Nate",2025-09-16,SI,0.22,2.25,5.0,hit_into_play,field_out,X,119.24,53.42,360.0,99.5,23.0,fly_ball,0.3188333333333333,0.5216666666666666,R,R,0,1,2025
681987,"Eaton, Nate",2025-09-16,SL,1.07,2.19,14.0,swinging_strike,,S,,,,,,,,,R,R,0,0,2025
681987,"Eaton, Nate",2025-09-16,SL,0.79,2.52,6.0,hit_into_play,single,X,62.02,111.05,206.0,98.7,12.0,line_drive,0.937,0.913,L,R,0,0,2025
681987,"Eaton, Nate",2025-09-13,SI,-0.04,2.22,5.0,hit_into_play,single,X,113.23,181.88,3.0,65.0,-35.0,ground_ball,0.078,0.093,L,R,2,1,2025
681987,"Eaton, Nate",2025-09-13,SI,0.74,3.13,3.0,foul,,S,,,211.0,74.6,24.0,,,,L,R,2,0,2025
681987,"Eaton, Nate",2025-09-13,ST,1.69,4.01,12.0,ball,,B,,,,,,,,,L,R,1,0,2025
681987,"Eaton, Nate",2025-09-13,CU,-0.82,2.17,4.0,ball,,B,,,,,,,,,L,R,0,0,2025
681987,"Eaton, Nate",2025-09-13,FF,0.15,2.36,5.0,hit_into_play,single,X,112.96,180.64,2.0,80.5,-52.0,ground_ball,0.18,0.207,L,R,1,1,2025
681987,"Eaton, Nate",2025-09-13,ST,1.05,3.56,12.0,ball,,B,,,,,,,,,L,R,0,1,2025
681987,"Eaton, Nate",2025-09-13,SI,0.09,1.72,8.0,called_strike,,S,,,,,,,,,L,R,0,0,2025
681987,"Eaton, Nate",2025-09-13,FC,-0.54,3.48,11.0,ball,walk,B,,,,,,,,0.691497,L,R,3,0,2025
681987,"Eaton, Nate",2025-09-13,SI,0.93,3.41,12.0,ball,,B,,,,,,,,,L,R,2,0,2025
681987,"Eaton, Nate",2025-09-13,SI,1.15,2.15,14.0,ball,,B,,,,,,,,,L,R,1,0,2025
681987,"Eaton, Nate",2025-09-13,SI,1.64,2.06,14.0,ball,,B,,,,,,,,,L,R,0,0,2025
681987,"Eaton, Nate",2025-09-12,FF,0.23,3.16,2.0,hit_into_play,field_out,X,116.85,168.4,85.0,84.8,71.0,popup,0.005,0.005,R,R,3,2,2025
681987,"Eaton, Nate",2025-09-12,FF,1.27,0.72,14.0,ball,,B,,,,,,,,,R,R,2,2,2025
681987,"Eaton, Nate",2025-09-12,CH,0.71,2.36,6.0,ball,,B,,,,,,,,,R,R,1,2,2025
681987,"Eaton, Nate",2025-09-12,FF,0.15,3.0,2.0,foul,,S,,,238.0,75.6,30.0,,,,R,R,1,1,2025
681987,"Eaton, Nate",2025-09-12,SL,1.34,1.52,14.0,ball,,B,,,,,,,,,R,R,0,1,2025
681987,"Eaton, Nate",2025-09-12,FF,0.24,2.09,8.0,called_strike,,S,,,,,,,,,R,R,0,0,2025
681987,"Eaton, Nate",2025-09-12,SL,1.1,2.11,14.0,swinging_strike,strikeout,S,,,,,,,,0.0,R,R,0,2,2025
681987,"Eaton, Nate",2025-09-12,SL,0.11,2.04,8.0,foul,,S,,,1.0,60.0,-74.0,,,,R,R,0,1,2025
681987,"Eaton, Nate",2025-09-12,FF,0.63,1.91,9.0,called_strike,,S,,,,,,,,,R,R,0,0,2025
681987,"Eaton, Nate",2025-09-12,CU,1.73,1.72,14.0,swinging_strike,strikeout,S,,,,,,,,0.0,R,R,1,2,2025
681987,"Eaton, Nate",2025-09-12,CU,1.6,0.3,14.0,ball,,B,,,,,,,,,R,R,0,2,2025
681987,"Eaton, Nate",2025-09-12,CU,0.48,2.26,6.0,foul,,S,,,3.0,71.8,-41.0,,,,R,R,0,1,2025
681987,"Eaton, Nate",2025-09-12,CU,0.26,3.01,2.0,called_strike,,S,,,,,,,,,R,R,0,0,2025
681987,"Eaton, Nate",2025-09-12,SI,-0.19,1.96,8.0,hit_into_play,home_run,X,28.69,79.27,380.0,104.8,23.0,fly_ball,0.6958493150684935,1.2720958904109596,R,R,0,0,2025
681987,"Eaton, Nate",2025-09-10,CH,-0.01,3.43,2.0,hit_into_play,single,X,117.33,156.38,16.0,78.1,-11.0,ground_ball,0.066,0.079,R,R,1,2,2025
681987,"Eaton, Nate",2025-09-10,FF,-1.16,3.52,11.0,foul,,S,,,,,,,,,R,R,1,1,2025
681987,"Eaton, Nate",2025-09-10,ST,0.5,1.02,14.0,ball,,B,,,,,,,,,R,R,0,1,2025
681987,"Eaton, Nate",2025-09-10,ST,0.39,3.15,3.0,foul,,S,,,392.0,68.8,22.0,,,,R,R,0,0,2025
681987,"Eaton, Nate",2025-09-10,FF,0.01,3.29,2.0,hit_into_play,double,X,176.06,152.97,171.0,76.6,57.0,popup,0.038,0.034,R,R,0,0,2025
681987,"Eaton, Nate",2025-09-10,FC,1.1,2.87,12.0,hit_into_play,field_out,X,175.65,99.79,276.0,95.7,15.0,line_drive,0.797,0.772,L,R,1,2,2025
681987,"Eaton, Nate",2025-09-10,CH,2.07,2.6,12.0,ball,,B,,,,,,,,,L,R,0,2,2025
681987,"Eaton, Nate",2025-09-10,FF,1.14,3.45,12.0,foul,,S,,,283.0,84.8,43.0,,,,L,R,0,2,2025
681987,"Eaton, Nate",2025-09-10,SV,-1.11,2.42,13.0,foul,,S,,,2.0,26.0,-55.0,,,,L,R,0,2,2025
681987,"Eaton, Nate",2025-09-10,FF,0.77,2.75,6.0,foul,,S,,,173.0,76.0,16.0,,,,L,R,0,1,2025
681987,"Eaton, Nate",2025-09-10,SV,0.44,2.31,6.0,called_strike,,S,,,,,,,,,L,R,0,0,2025
681987,"Eaton, Nate",2025-09-09,CH,1.7,1.7,14.0,hit_into_play,field_out,X,124.75,132.2,171.0,67.5,17.0,line_drive,0.494,0.444,L,R,0,2,2025
681987,"Eaton, Nate",2025-09-09,CH,1.0,1.77,14.0,swinging_strike,,S,,,,,,,,,L,R,0,1,2025
681987,"Eaton, Nate",2025-09-09,ST,1.08,2.02,14.0,swinging_strike,,S,,,,,,,,,L,R,0,0,2025
681987,"Eaton, Nate",2025-09-09,FC,-0.07,2.9,2.0,hit_into_play,field_out,X,143.16,75.56,310.0,82.2,31.0,fly_ball,0.051,0.054,L,R,0,1,2025
681987,"Eaton, Nate",2025-09-09,SL,-0.05,2.57,5.0,called_strike,,S,,,,,,,,,L,R,0,0,2025
681987,"Eaton, Nate",2025-09-09,FF,-0.84,2.2,13.0,hit_into_play,fielders_choice_out,X,111.28,169.42,4.0,86.1,-30.0,ground_ball,0.056,0.071,R,R,2,1,2025
681987,"Eaton, Nate",2025-09-09,ST,0.7,0.01,14.0,blocked_ball,,B,,,,,,,,,R,R,1,1,2025
681987,"Eaton, Nate",2025-09-09,FF,1.13,2.13,14.0,ball,,B,,,,,,,,,R,R,0,1,2025
681987,"Eaton, Nate",2025-09-09,ST,0.9,1.85,14.0,called_strike,,S,,,,,,,,,R,R,0,0,2025
681987,"Eaton, Nate",2025-09-07,FF,0.05,4.31,12.0,ball,walk,B,,,,,,,,0.691497,R,R,3,2,2025
681987,"Eaton, Nate",2025-09-07,FF,0.07,2.15,8.0,foul,,S,,,188.0,70.4,61.0,,,,R,R,3,2,2025
681987,"Eaton, Nate",2025-09-07,FF,-0.05,4.12,11.0,ball,,B,,,,,,,,,R,R,2,2,2025
681987,"Eaton, Nate",2025-09-07,FF,0.24,1.96,8.0,swinging_strike,,S,,,,,,,,,R,R,2,1,2025
681987,"Eaton, Nate",2025-09-07,SL,0.13,0.96,14.0,ball,,B,,,,,,,,,R,R,1,1,2025
681987,"Eaton, Nate",2025-09-07,FF,-0.08,3.8,11.0,ball,,B,,,,,,,,,R,R,0,1,2025
681987,"Eaton, Nate",2025-09-07,SL,-0.37,2.48,4.0,called_strike,,S,,,,,,,,,R,R,0,0,2025
681987,"Eaton, Nate",2025-09-06,ST,1.9,2.56,12.0,swinging_strike,strikeout,S,,,,,,,,0.0,R,R,1,2,2025
681987,"Eaton, Nate",2025-09-06,CH,1.45,1.76,14.0,ball,,B,,,,,,,,,R,R,0,2,2025
681987,"Eaton, Nate",2025-09-06,CU,-0.28,2.32,4.0,called_strike,,S,,,,,,,,,R,R,0,1,2025
681987,"Eaton, Nate",2025-09-06,SI,0.08,2.57,5.0,called_strike,,S,,,,,,,,,R,R,0,0,2025
681987,"Eaton, Nate",2025-09-06,SI,-0.41,1.72,7.0,hit_into_play,double,X,35.02,109.97,19.0,104.4,-5.0,ground_ball,0.347,0.38,R,R,0,1,2025
681987,"Eaton, Nate",2025-09-06,SI,-0.13,2.24,8.0,called_strike,,S,,,,,,,,,R,R,0,0,2025
681987,"Eaton, Nate",2025-09-06,SI,0.22,2.24,5.0,hit_into_play,field_out,X,106.98,40.05,394.0,100.6,29.0,fly_ball,0.5613947368421052,1.097,R,R,0,0,2025
681987,"Eaton, Nate",2025-09-05,FF,0.27,2.96,2.0,hit_into_play,field_out,X,144.92,62.78,341.0,106.8,16.0,line_drive,0.537,0.611,L,R,0,0,2025
681987,"Eaton, Nate",2025-09-05,FF,-0.13,2.86,5.0,hit_into_play,field_out,X,150.51,155.07,18.0,81.7,-7.0,ground_ball,0.099,0.117,L,R,1,0,2025
681987,"Eaton, Nate",2025-09-05,CH,0.31,0.98,14.0,ball,,B,,,,,,,,,L,R,0,0,2025
681987,"Eaton, Nate",2025-09-05,CU,-0.08,1.59,8.0,swinging_strike,strikeout,S,,,,,,,,0.0,L,R,1,2,2025
681987,"Eaton, Nate",2025-09-05,CU,-0.16,1.21,13.0,foul,,S,,,,,,,,,L,R,1,2,2025
681987,"Eaton, Nate",2025-09-05,CU,-0.14,1.16,13.0,foul,,S,,,3.0,75.1,-26.0,,,,L,R,1,2,2025
681987,"Eaton, Nate",2025-09-05,SL,1.08,1.4,14.0,swinging_strike,strikeout,S,,,,,,,,0.0,R,R,2,2,2025
681987,"Eaton, Nate",2025-09-05,SI,1.28,2.07,14.0,foul,,S,,,,,,,,,L,R,1,1,2025
681987,"Eaton, Nate",2025-09-05,SI,1.9,2.13,14.0,ball,,B,,,,,,,,,L,R,0,1,2025
681987,"Eaton, Nate",2025-09-05,SI,0.1,1.15,14.0,foul,,S,,,6.0,77.1,-11.0,,,,R,R,2,2,2025
681987,"Eaton, Nate",2025-09-05,SI,-0.99,2.14,13.0,swinging_strike,,S,,,,,,,,,R,R,2,1,2025
681987,"Eaton, Nate",2025-09-05,CU,-0.3,0.93,13.0,swinging_strike_blocked,,S,,,,,,,,,L,R,0,0,2025
681987,"Eaton, Nate",2025-09-05,SI,0.79,1.68,9.0,ball,,B,,,,,,,,,R,R,1,1,2025
681987,"Eaton, Nate",2025-09-05,SI,-0.53,1.67,7.0,swinging_strike,,S,,,,,,,,,R,R,1,0,2025
681987,"Eaton, Nate",2025-09-05,SI,-0.12,1.22,13.0,ball,,B,,,,,,,,,R,R,0,0,2025
681987,"Eaton, Nate",2025-09-03,FF,-0.09,2.04,8.0,called_strike,strikeout,S,,,,,,,,0.0,L,R,1,2,2025
681987,"Eaton, Nate",2025-09-03,FF,0.33,2.39,6.0,called_strike,,S,,,,,,,,,L,R,1,1,2025
681987,"Eaton, Nate",2025-09-03,CU,0.56,0.92,14.0,ball,,B,,,,,,,,,L,R,0,1,2025
681987,"Eaton, Nate",2025-09-03,CU,-0.27,3.21,2.0,called_strike,,S,,,,,,,,,L,R,0,0,2025
681987,"Eaton, Nate",2025-09-03,CH,0.72,1.9,9.0,hit_into_play,single,X,74.29,116.21,89.0,104.7,4.0,ground_ball,0.595,0.545,L,R,2,2,2025
681987,"Eaton, Nate",2025-09-03,CU,-1.54,1.44,13.0,ball,,B,,,,,,,,,L,R,1,2,2025
681987,"Eaton, Nate",2025-09-03,CH,0.21,1.75,8.0,foul,,S,,,10.0,84.1,-11.0,,,,L,R,1,1,2025
681987,"Eaton, Nate",2025-09-03,CH,-0.07,1.69,8.0,swinging_strike,,S,,,,,,,,,L,R,1,0,2025
681987,"Eaton, Nate",2025-09-03,CU,0.16,1.43,14.0,ball,,B,,,,,,,,,L,R,0,0,2025
681987,"Eaton, Nate",2025-09-03,FF,0.33,2.04,9.0,hit_into_play,field_out,X,89.02,62.43,349.0,93.7,27.0,fly_ball,0.165,0.221,L,R,0,0,2025
681987,"Eaton, Nate",2025-09-02,SL,0.27,1.79,8.0,hit_into_play,single,X,127.8,108.46,165.0,76.8,14.0,line_drive,0.633,0.582,R,R,1,1,2025
681987,"Eaton, Nate",2025-09-02,FF,1.01,4.57,12.0,ball,,B,,,,,,,,,R,R,0,1,2025
681987,"Eaton, Nate",2025-09-02,FF,0.85,2.0,14.0,foul,,S,,,130.0,64.6,64.0,,,,R,R,0,0,2025
681987,"Eaton, Nate",2025-09-02,FF,0.2,2.96,2.0,hit_into_play,single,X,186.84,126.44,236.0,76.0,28.0,line_drive,0.458,0.427,R,R,1,2,2025
681987,"Eaton, Nate",2025-09-02,FF,0.29,4.24,12.0,ball,,B,,,,,,,,,R,R,0,2,2025
681987,"Eaton, Nate",2025-09-02,FF,0.72,3.08,3.0,foul,,S,,,,,,,,,R,R,0,2,2025
681987,"Eaton, Nate",2025-09-02,FF,0.59,2.81,6.0,called_strike,,S,,,,,,,,,R,R,0,1,2025
681987,"Eaton, Nate",2025-09-02,FF,-0.05,3.2,2.0,foul,,S,,,221.0,75.4,46.0,,,,R,R,0,0,2025
681987,"Eaton, Nate",2025-09-01,FF,0.28,2.97,2.0,hit_into_play,single,X,148.27,142.05,35.0,93.8,-3.0,ground_ball,0.235,0.271,L,R,0,0,2025
681987,"Eaton, Nate",2025-09-01,CH,0.52,1.18,14.0,hit_into_play,single,X,87.37,136.84,5.0,92.1,-15.0,ground_ball,0.137,0.161,L,R,0,1,2025
681987,"Eaton, Nate",2025-09-01,SI,0.04,1.96,8.0,foul,,S,,,2.0,64.4,-46.0,,,,L,R,0,0,2025
681987,"Eaton, Nate",2025-09-01,SL,0.63,1.61,9.0,hit_into_play,field_out,X,129.43,87.45,278.0,79.8,28.0,line_drive,0.172,0.162,R,R,0,1,2025
681987,"Eaton, Nate",2025-09-01,FF,-0.66,2.17,7.0,called_strike,,S,,,,,,,,,R,R,0,0,2025
681987,"Eaton, Nate",2025-09-01,SL,-1.05,2.96,11.0,ball,walk,B,,,,,,,,0.691497,L,R,3,1,2025
681987,"Eaton, Nate",2025-09-01,SL,-2.13,1.55,13.0,ball,,B,,,,,,,,,L,R,2,1,2025
681987,"Eaton, Nate",2025-09-01,FF,0.7,3.56,3.0,foul,,S,,,191.0,66.7,47.0,,,,L,R,2,0,2025
681987,"Eaton, Nate",2025-09-01,FF,0.39,3.99,12.0,ball,,B,,,,,,,,,L,R,1,0,2025
681987,"Eaton, Nate",2025-09-01,FF,1.14,0.56,14.0,blocked_ball,,B,,,,,,,,,L,R,0,0,2025
681987,"Eaton, Nate",2025-08-28,CU,0.01,2.55,5.0,swinging_strike,strikeout,S,,,,,,,,0.0,L,R,1,2,2025
681987,"Eaton, Nate",2025-08-28,CU,-0.08,2.56,5.0,called_strike,,S,,,,,,,,,L,R,1,1,2025
681987,"Eaton, Nate",2025-08-28,CU,-0.99,1.19,13.0,ball,,B,,,,,,,,,L,R,0,1,2025
681987,"Eaton, Nate",2025-08-28,FF,0.01,1.6,8.0,called_strike,,S,,,,,,,,,L,R,0,0,2025
681987,"Eaton, Nate",2025-08-28,FF,-0.29,2.98,1.0,hit_into_play,field_out,X,111.78,153.71,140.0,89.8,65.0,popup,0.008,0.007,L,R,3,2,2025
681987,"Eaton, Nate",2025-08-28,FF,1.37,2.95,12.0,foul,,S,,,240.0,76.2,44.0,,,,L,R,3,2,2025
681987,"Eaton, Nate",2025-08-28,CH,1.01,3.17,12.0,ball,,B,,,,,,,,,L,R,2,2,2025
681987,"Eaton, Nate",2025-08-28,CH,-0.95,2.45,13.0,ball,,B,,,,,,,,,L,R,1,2,2025
681987,"Eaton, Nate",2025-08-28,FF,0.82,4.09,12.0,ball,,B,,,,,,,,,L,R,0,2,2025
681987,"Eaton, Nate",2025-08-28,ST,-0.56,2.25,4.0,foul,,S,,,375.0,111.3,22.0,,,,L,R,0,2,2025
681987,"Eaton, Nate",2025-08-28,CH,1.14,2.13,14.0,foul,,S,,,10.0,67.4,-12.0,,,,L,R,0,1,2025
681987,"Eaton, Nate",2025-08-28,CH,0.6,2.51,6.0,foul_bunt,,S,,,,,,,,,L,R,0,0,2025
681987,"Eaton, Nate",2025-08-28,SI,-0.29,3.1,1.0,hit_into_play,field_out,X,153.84,167.9,144.0,89.4,7.0,line_drive,0.496,0.463,R,R,0,2,2025
681987,"Eaton, Nate",2025-08-28,SI,0.01,2.39,5.0,foul,,S,,,234.0,77.0,33.0,,,,R,R,0,1,2025
681987,"Eaton, Nate",2025-08-28,SI,0.18,2.67,5.0,called_strike,,S,,,,,,,,,R,R,0,0,2025
681987,"Eaton, Nate",2025-08-28,SI,-0.56,2.25,4.0,hit_into_play,field_out,X,108.24,167.9,4.0,84.6,-32.0,ground_ball,0.056,0.069,R,R,1,0,2025
681987,"Eaton, Nate",2025-08-28,SI,-0.95,3.14,11.0,ball,,B,,,,,,,,,R,R,0,0,2025
681987,"Eaton, Nate",2025-08-24,FF,0.73,3.12,3.0,hit_into_play,field_out,X,201.04,106.65,294.0,89.9,39.0,fly_ball,0.018,0.022,L,R,2,2,2025
681987,"Eaton, Nate",2025-08-24,SL,-0.61,-0.27,13.0,ball,,B,,,,,,,,,L,R,1,2,2025
681987,"Eaton, Nate",2025-08-24,FF,0.4,2.07,9.0,foul,,S,,,214.0,72.3,36.0,,,,L,R,1,2,2025
681987,"Eaton, Nate",2025-08-24,CH,1.58,1.16,14.0,ball,,B,,,,,,,,,L,R,0,2,2025
681987,"Eaton, Nate",2025-08-24,CH,1.02,3.34,12.0,foul,,S,,,1.0,59.9,-66.0,,,,L,R,0,2,2025
681987,"Eaton, Nate",2025-08-24,CU,0.18,1.58,8.0,foul,,S,,,2.0,65.9,-37.0,,,,L,R,0,1,2025
681987,"Eaton, Nate",2025-08-24,SL,-0.01,2.45,5.0,foul,,S,,,37.0,106.1,-2.0,,,,L,R,0,0,2025
681987,"Eaton, Nate",2025-08-24,SL,0.4,2.48,6.0,hit_into_play,field_out,X,177.15,167.9,142.0,79.4,69.0,popup,0.003,0.003,L,R,1,1,2025
681987,"Eaton, Nate",2025-08-24,FF,-0.02,1.86,8.0,called_strike,,S,,,,,,,,,L,R,1,0,2025
681987,"Eaton, Nate",2025-08-24,FF,1.53,3.99,12.0,ball,,B,,,,,,,,,L,R,0,0,2025
681987,"Eaton, Nate",2025-08-22,SI,-0.01,2.72,5.0,hit_into_play,field_out,X,116.34,45.27,389.0,104.6,25.0,fly_ball,0.7460138888888889,1.4444861111111111,L,R,1,2,2025
681987,"Eaton, Nate",2025-08-22,CH,2.67,2.06,14.0,ball,,B,,,,,,,,,L,R,0,2,2025
681987,"Eaton, Nate",2025-08-22,CH,0.61,1.51,9.0,called_strike,,S,,,,,,,,,L,R,0,1,2025
681987,"Eaton, Nate",2025-08-22,ST,0.26,2.94,2.0,called_strike,,S,,,,,,,,,L,R,0,0,2025
681987,"Eaton, Nate",2025-08-22,FF,-1.28,1.76,13.0,ball,walk,B,,,,,,,,0.691497,L,R,3,2,2025
681987,"Eaton, Nate",2025-08-22,SL,-1.63,1.86,13.0,ball,,B,,,,,,,,,L,R,2,2,2025
681987,"Eaton, Nate",2025-08-22,CU,-0.01,2.72,5.0,foul,,S,,,293.0,91.5,44.0,,,,L,R,2,2,2025
681987,"Eaton, Nate",2025-08-22,SI,-0.64,2.74,4.0,called_strike,,S,,,,,,,,,L,R,2,1,2025
681987,"Eaton, Nate",2025-08-22,ST,0.5,3.37,3.0,ball,,B,,,,,,,,,L,R,1,1,2025
681987,"Eaton, Nate",2025-08-22,FF,0.88,3.66,12.0,ball,,B,,,,,,,,,L,R,0,1,2025
681987,"Eaton, Nate",2025-08-22,FC,-0.15,2.93,2.0,called_strike,,S,,,,,,,,,L,R,0,0,2025
681987,"Eaton, Nate",2025-08-18,CH,0.03,2.23,5.0,hit_into_play,field_out,X,96.87,163.21,3.0,86.1,-34.0,ground_ball,0.043,0.059,L,R,3,2,2025
681987,"Eaton, Nate",2025-08-18,SI,-1.07,2.52,13.0,ball,,B,,,,,,,,,L,R,2,2,2025
681987,"Eaton, Nate",2025-08-18,SI,-0.5,2.16,7.0,called_strike,,S,,,,,,,,,L,R,2,1,2025
681987,"Eaton, Nate",2025-08-18,CH,1.69,1.24,14.0,ball,,B,,,,,,,,,L,R,1,1,2025
681987,"Eaton, Nate",2025-08-18,FF,1.22,4.22,12.0,ball,,B,,,,,,,,,L,R,0,1,2025
681987,"Eaton, Nate",2025-08-18,SL,0.48,1.98,9.0,called_strike,,S,,,,,,,,,L,R,0,0,2025
681987,"Eaton, Nate",2025-08-18,CH,0.73,1.32,14.0,hit_into_play,field_out,X,117.36,144.08,13.0,102.2,-6.0,ground_ball,0.319,0.351,L,R,0,2,2025
681987,"Eaton, Nate",2025-08-18,CH,0.2,1.04,14.0,foul,,S,,,,,,,,,L,R,0,2,2025
681987,"Eaton, Nate",2025-08-18,SL,-0.57,0.99,13.0,foul,,S,,,3.0,81.6,-24.0,,,,L,R,0,1,2025
681987,"Eaton, Nate",2025-08-18,SL,-0.9,1.86,13.0,swinging_strike,,S,,,,,,,,,L,R,0,0,2025
681987,"Eaton, Nate",2025-08-18,CH,0.35,2.36,6.0,hit_into_play,field_out,X,109.25,153.71,36.0,104.6,-2.0,ground_ball,0.468,0.441,L,R,0,1,2025
681987,"Eaton, Nate",2025-08-18,CH,0.38,1.81,9.0,foul,,S,,,,,,,,,L,R,0,0,2025
681987,"Eaton, Nate",2025-08-18,SI,0.27,2.12,8.0,hit_into_play,single,X,108.24,178.03,1.0,87.7,-61.0,ground_ball,0.271,0.3,L,R,0,1,2025
681987,"Eaton, Nate",2025-08-18,SI,-0.06,2.22,5.0,called_strike,,S,,,,,,,,,L,R,0,0,2025
681987,"Eaton, Nate",2025-07-08,FF,0.16,2.33,5.0,called_strike,strikeout,S,,,,,,,,0.0,L,R,3,2,2025
681987,"Eaton, Nate",2025-07-08,FF,0.45,2.05,9.0,foul,,S,,,170.0,69.1,57.0,,,,L,R,3,1,2025
681987,"Eaton, Nate",2025-07-08,ST,2.5,3.9,12.0,ball,,B,,,,,,,,,L,R,2,1,2025
681987,"Eaton, Nate",2025-07-08,FF,-1.02,1.91,13.0,ball,,B,,,,,,,,,L,R,1,1,2025
681987,"Eaton, Nate",2025-07-08,FF,-0.27,2.08,8.0,called_strike,,S,,,,,,,,,L,R,1,0,2025
681987,"Eaton, Nate",2025-07-08,FC,2.13,3.04,12.0,ball,,B,,,,,,,,,L,R,0,0,2025
681987,"Eaton, Nate",2025-07-08,KC,0.38,1.66,9.0,hit_into_play,field_out,X,93.54,163.84,16.0,97.7,-5.0,ground_ball,0.311,0.344,L,R,0,1,2025
681987,"Eaton, Nate",2025-07-08,FC,-0.33,2.0,7.0,called_strike,,S,,,,,,,,,L,R,0,0,2025
681987,"Eaton, Nate",2025-07-08,ST,0.1,2.26,5.0,hit_into_play,field_out,X,85.98,151.78,157.0,82.3,13.0,line_drive,0.732,0.688,L,R,1,2,2025
681987,"Eaton, Nate",2025-07-08,KC,-0.16,0.23,13.0,ball,,B,,,,,,,,,L,R,0,2,2025
681987,"Eaton, Nate",2025-07-08,FC,0.46,3.16,3.0,foul,,S,,,188.0,69.1,25.0,,,,L,R,0,1,2025
681987,"Eaton, Nate",2025-07-08,FF,0.97,2.33,14.0,foul,,S,,,118.0,77.1,9.0,,,,L,R,0,0,2025
681987,"Eaton, Nate",2025-07-07,SL,0.2,2.91,2.0,hit_into_play,field_out,X,60.77,88.34,322.0,99.2,47.0,fly_ball,0.02,0.029,L,R,3,1,2025
681987,"Eaton, Nate",2025-07-07,FF,-1.77,1.8,13.0,ball,,B,,,,,,,,,L,R,2,1,2025
681987,"Eaton, Nate",2025-07-07,CH,0.73,1.24,14.0,ball,,B,,,,,,,,,L,R,1,1,2025
681987,"Eaton, Nate",2025-07-07,KC,-0.16,2.23,5.0,foul,,S,,,390.0,104.7,26.0,,,,L,R,1,0,2025
681987,"Eaton, Nate",2025-07-07,FF,0.26,4.01,12.0,ball,,B,,,,,,,,,L,R,0,0,2025
681987,"Eaton, Nate",2025-07-07,KC,0.17,1.65,8.0,swinging_strike,strikeout,S,,,,,,,,0.0,L,R,1,2,2025
681987,"Eaton, Nate",2025-07-07,KC,-0.53,1.46,13.0,ball,,B,,,,,,,,,L,R,0,2,2025
681987,"Eaton, Nate",2025-07-07,CH,1.11,2.42,14.0,foul,,S,,,110.0,58.3,17.0,,,,L,R,0,1,2025
681987,"Eaton, Nate",2025-07-07,KC,0.95,2.97,12.0,called_strike,,S,,,,,,,,,L,R,0,0,2025
681987,"Eaton, Nate",2025-07-07,FF,-0.3,3.06,1.0,hit_into_play,double,X,60.81,79.85,335.0,98.0,46.0,fly_ball,0.028,0.045,L,R,1,0,2025
681987,"Eaton, Nate",2025-07-07,FF,1.19,3.83,12.0,ball,,B,,,,,,,,,L,R,0,0,2025
681987,"Eaton, Nate",2025-07-06,KC,-2.03,0.97,13.0,hit_by_pitch,hit_by_pitch,B,,,,,,,,0.722289,L,R,0,1,2025
681987,"Eaton, Nate",2025-07-06,CH,0.29,1.86,9.0,called_strike,,S,,,,,,,,,L,R,0,0,2025
681987,"Eaton, Nate",2025-07-06,FF,0.59,2.94,6.0,called_strike,strikeout,S,,,,,,,,0.0,R,R,3,2,2025
681987,"Eaton, Nate",2025-07-06,FF,0.44,3.53,12.0,swinging_strike,,S,,,,,,,,,R,R,3,1,2025
681987,"Eaton, Nate",2025-07-06,FF,-0.61,2.42,4.0,called_strike,,S,,,,,,,,,R,R,3,0,2025
681987,"Eaton, Nate",2025-07-06,FF,0.99,4.28,12.0,ball,,B,,,,,,,,,R,R,2,0,2025
681987,"Eaton, Nate",2025-07-06,FF,-0.08,3.7,11.0,ball,,B,,,,,,,,,R,R,1,0,2025
681987,"Eaton, Nate",2025-07-06,ST,0.38,3.71,12.0,ball,,B,,,,,,,,,R,R,0,0,2025
681987,"Eaton, Nate",2025-07-06,FF,0.76,2.93,3.0,hit_into_play,single,X,167.02,101.52,131.0,104.6,5.0,line_drive,0.61,0.561,L,R,0,0,2025
681987,"Eaton, Nate",2025-07-05,FF,0.27,1.59,8.0,called_strike,strikeout,S,,,,,,,,0.0,L,R,3,2,2025
681987,"Eaton, Nate",2025-07-05,FF,0.82,2.86,6.0,called_strike,,S,,,,,,,,,L,R,3,1,2025
681987,"Eaton, Nate",2025-07-05,FF,0.39,0.85,14.0,ball,,B,,,,,,,,,L,R,2,1,2025
681987,"Eaton, Nate",2025-07-05,CU,-0.55,0.52,13.0,ball,,B,,,,,,,,,L,R,1,1,2025
681987,"Eaton, Nate",2025-07-05,CU,1.28,2.85,12.0,ball,,B,,,,,,,,,L,R,0,1,2025
681987,"Eaton, Nate",2025-07-05,CU,-0.38,0.35,13.0,swinging_strike,,S,,,,,,,,,L,R,0,0,2025
681987,"Eaton, Nate",2025-07-05,CU,0.09,2.76,5.0,hit_into_play,double,X,151.31,170.43,29.0,89.9,-4.0,ground_ball,0.223,0.259,L,R,0,1,2025
681987,"Eaton, Nate",2025-07-05,FF,0.2,2.54,5.0,foul,,S,,,,,,,,,L,R,0,0,2025
681987,"Eaton, Nate",2025-07-05,CU,0.59,3.05,3.0,swinging_strike,strikeout,S,,,,,,,,0.0,L,R,1,2,2025
681987,"Eaton, Nate",2025-07-05,FF,0.11,4.21,12.0,ball,,B,,,,,,,,,L,R,0,2,2025
681987,"Eaton, Nate",2025-07-05,FF,0.65,4.15,12.0,foul,,S,,,243.0,77.7,28.0,,,,L,R,0,2,2025
681987,"Eaton, Nate",2025-07-05,CU,0.67,2.68,6.0,called_strike,,S,,,,,,,,,L,R,0,1,2025
681987,"Eaton, Nate",2025-07-05,FF,-0.21,4.07,11.0,swinging_strike,,S,,,,,,,,,L,R,0,0,2025
681987,"Eaton, Nate",2025-07-05,SL,1.24,2.2,14.0,swinging_strike,strikeout,S,,,,,,,,0.0,R,R,0,2,2025
681987,"Eaton, Nate",2025-07-05,SL,1.04,1.37,14.0,swinging_strike,,S,,,,,,,,,R,R,0,1,2025
681987,"Eaton, Nate",2025-07-05,SI,-0.02,2.85,5.0,foul,,S,,,2.0,57.0,-63.0,,,,R,R,0,0,2025
681987,"Eaton, Nate",2025-07-05,FF,0.06,3.59,12.0,hit_into_play,field_error,X,108.24,171.95,18.0,97.3,-11.0,ground_ball,0.23,0.264,L,R,3,2,2025
681987,"Eaton, Nate",2025-07-05,FF,0.21,1.08,14.0,ball,,B,,,,,,,,,L,R,2,2,2025
681987,"Eaton, Nate",2025-07-05,CU,1.15,4.17,12.0,ball,,B,,,,,,,,,L,R,1,2,2025
681987,"Eaton, Nate",2025-07-05,FF,1.04,2.39,14.0,foul,,S,,,267.0,82.3,43.0,,,,L,R,1,1,2025
681987,"Eaton, Nate",2025-07-05,FF,0.7,2.6,6.0,foul,,S,,,243.0,81.7,50.0,,,,L,R,1,0,2025
681987,"Eaton, Nate",2025-07-05,FF,-1.14,2.93,11.0,ball,,B,,,,,,,,,L,R,0,0,2025
681987,"Eaton, Nate",2025-07-04,SL,0.84,2.32,14.0,hit_into_play,field_out,X,153.44,81.22,300.0,86.8,31.0,fly_ball,0.023,0.025,R,R,0,1,2025
681987,"Eaton, Nate",2025-07-04,SI,0.14,2.23,5.0,foul,,S,,,,,,,,,R,R,0,0,2025
681987,"Eaton, Nate",2025-06-29,FF,-0.49,2.23,4.0,called_strike,strikeout,S,,,,,,,,0.0,L,R,2,2,2025
681987,"Eaton, Nate",2025-06-29,CH,0.32,1.39,14.0,ball,,B,,,,,,,,,L,R,1,2,2025
681987,"Eaton, Nate",2025-06-29,SL,-0.53,1.66,7.0,foul,,S,,,151.0,101.4,9.0,,,,L,R,1,2,2025
681987,"Eaton, Nate",2025-06-29,CU,-0.03,0.91,13.0,foul,,S,,,1.0,30.9,-54.0,,,,L,R,1,1,2025
681987,"Eaton, Nate",2025-06-29,FC,-0.55,2.65,4.0,foul,,S,,,155.0,60.4,53.0,,,,L,R,1,0,2025
681987,"Eaton, Nate",2025-06-29,FF,1.45,2.59,12.0,ball,,B,,,,,,,,,L,R,0,0,2025
681987,"Eaton, Nate",2025-06-29,FC,-0.54,2.13,7.0,hit_into_play,field_out,X,103.51,163.84,64.0,92.4,3.0,ground_ball,0.446,0.407,L,R,2,1,2025
681987,"Eaton, Nate",2025-06-29,FF,1.16,2.63,12.0,ball,,B,,,,,,,,,L,R,1,1,2025
681987,"Eaton, Nate",2025-06-29,FC,-0.43,1.8,7.0,called_strike,,S,,,,,,,,,L,R,1,0,2025
681987,"Eaton, Nate",2025-06-29,CU,-1.61,1.38,13.0,ball,,B,,,,,,,,,L,R,0,0,2025
681987,"Eaton, Nate",2025-06-28,ST,-0.01,2.89,2.0,hit_into_play,field_out,X,138.31,135.47,166.0,58.9,45.0,popup,0.165,0.148,L,R,3,2,2025
681987,"Eaton, Nate",2025-06-28,FC,1.38,2.84,12.0,ball,,B,,,,,,,,,L,R,2,2,2025
681987,"Eaton, Nate",2025-06-28,FC,-0.38,3.26,1.0,foul,,S,,,157.0,64.0,28.0,,,,L,R,2,1,2025
681987,"Eaton, Nate",2025-06-28,FC,-0.92,3.72,11.0,ball,,B,,,,,,,,,L,R,1,1,2025
681987,"Eaton, Nate",2025-06-28,FC,1.57,3.55,12.0,ball,,B,,,,,,,,,L,R,0,1,2025
681987,"Eaton, Nate",2025-06-28,FC,0.93,2.38,14.0,called_strike,,S,,,,,,,,,L,R,0,0,2025
681987,"Eaton, Nate",2025-06-27,FC,0.73,2.06,9.0,hit_into_play,field_out,X,105.7,164.35,2.0,78.7,-40.0,ground_ball,0.076,0.091,R,R,0,0,2025
681987,"Eaton, Nate",2025-06-25,SL,0.38,2.6,6.0,swinging_strike,strikeout,S,,,,,,,,0.0,L,R,3,2,2025
681987,"Eaton, Nate",2025-06-25,CU,1.48,3.95,12.0,ball,,B,,,,,,,,,L,R,2,2,2025
681987,"Eaton, Nate",2025-06-25,CU,0.31,0.98,14.0,ball,,B,,,,,,,,,L,R,1,2,2025
681987,"Eaton, Nate",2025-06-25,FF,1.73,3.64,12.0,ball,,B,,,,,,,,,L,R,0,2,2025
681987,"Eaton, Nate",2025-06-25,CH,0.22,2.23,5.0,foul,,S,,,146.0,64.3,62.0,,,,L,R,0,1,2025
681987,"Eaton, Nate",2025-06-25,CU,0.98,2.58,12.0,called_strike,,S,,,,,,,,,L,R,0,0,2025
681987,"Eaton, Nate",2025-06-25,CU,-0.44,2.1,7.0,called_strike,strikeout,S,,,,,,,,0.0,L,R,2,2,2025
681987,"Eaton, Nate",2025-06-25,SL,0.49,3.1,3.0,foul,,S,,,243.0,78.3,37.0,,,,L,R,2,1,2025
681987,"Eaton, Nate",2025-06-25,SL,-0.04,2.53,5.0,called_strike,,S,,,,,,,,,L,R,2,0,2025
681987,"Eaton, Nate",2025-06-25,CU,1.0,3.06,12.0,ball,,B,,,,,,,,,L,R,1,0,2025
681987,"Eaton, Nate",2025-06-25,CU,0.53,1.06,14.0,ball,,B,,,,,,,,,L,R,0,0,2025
681987,"Eaton, Nate",2025-06-24,CH,-0.71,1.3,13.0,ball,walk,B,,,,,,,,0.691497,L,R,3,1,2025
681987,"Eaton, Nate",2025-06-24,FF,-1.04,2.89,11.0,ball,,B,,,,,,,,,L,R,2,1,2025
681987,"Eaton, Nate",2025-06-24,CH,-0.31,1.11,13.0,swinging_strike,,S,,,,,,,,,L,R,2,0,2025
681987,"Eaton, Nate",2025-06-24,CH,0.19,0.49,14.0,blocked_ball,,B,,,,,,,,,L,R,1,0,2025
681987,"Eaton, Nate",2025-06-24,FF,-0.5,0.74,13.0,blocked_ball,,B,,,,,,,,,L,R,0,0,2025
681987,"Eaton, Nate",2025-06-24,CH,0.51,1.98,9.0,hit_into_play,sac_fly,X,198.03,130.38,246.0,78.1,46.0,fly_ball,0.071,0.073,L,R,2,2,2025
681987,"Eaton, Nate",2025-06-24,FF,-0.81,2.37,4.0,ball,,B,,,,,,,,,L,R,1,2,2025
681987,"Eaton, Nate",2025-06-24,CH,0.32,3.05,3.0,foul,,S,,,7.0,25.9,-20.0,,,,L,R,1,1,2025
681987,"Eaton, Nate",2025-06-24,FF,-0.75,2.79,1.0,foul,,S,,,101.0,47.0,55.0,,,,L,R,1,0,2025
681987,"Eaton, Nate",2025-06-24,CH,0.45,-0.29,14.0,blocked_ball,,B,,,,,,,,,L,R,0,0,2025
681987,"Eaton, Nate",2025-06-22,FF,-0.01,3.32,2.0,hit_into_play,single,X,115.31,96.2,259.0,75.6,27.0,line_drive,0.547,0.515,L,R,2,2,2025
681987,"Eaton, Nate",2025-06-22,FF,-1.59,1.79,13.0,ball,,B,,,,,,,,,L,R,1,2,2025
681987,"Eaton, Nate",2025-06-22,FF,-0.07,3.43,11.0,foul,,S,,,136.0,67.4,66.0,,,,L,R,1,2,2025
681987,"Eaton, Nate",2025-06-22,FF,-0.3,2.09,7.0,called_strike,,S,,,,,,,,,L,R,1,1,2025
681987,"Eaton, Nate",2025-06-22,SL,-1.98,0.78,13.0,ball,,B,,,,,,,,,L,R,0,1,2025
681987,"Eaton, Nate",2025-06-22,SL,-0.38,2.2,4.0,foul,,S,,,16.0,83.5,-7.0,,,,L,R,0,0,2025
681987,"Eaton, Nate",2025-06-22,SL,-0.39,2.1,7.0,hit_into_play,single,X,100.13,165.87,106.0,99.7,6.0,ground_ball,0.595,0.548,L,R,0,1,2025
681987,"Eaton, Nate",2025-06-22,FF,-0.19,2.15,8.0,called_strike,,S,,,,,,,,,L,R,0,0,2025
681987,"Eaton, Nate",2025-06-22,SI,0.03,2.36,5.0,called_strike,strikeout,S,,,,,,,,0.0,R,R,1,2,2025
681987,"Eaton, Nate",2025-06-22,ST,0.23,2.69,5.0,called_strike,,S,,,,,,,,,R,R,1,1,2025
681987,"Eaton, Nate",2025-06-22,FC,1.43,2.97,12.0,ball,,B,,,,,,,,,R,R,0,1,2025
681987,"Eaton, Nate",2025-06-22,SI,-0.48,1.79,7.0,called_strike,,S,,,,,,,,,R,R,0,0,2025
681987,"Eaton, Nate",2025-06-17,SL,0.78,2.06,9.0,hit_into_play,single,X,116.18,101.02,234.0,69.4,31.0,fly_ball,0.868,0.836,R,R,0,2,2025
681987,"Eaton, Nate",2025-06-17,SI,-0.06,1.99,8.0,swinging_strike,,S,,,,,,,,,R,R,0,1,2025
681987,"Eaton, Nate",2025-06-17,FF,-0.22,3.0,2.0,called_strike,,S,,,,,,,,,R,R,0,0,2025
695670,"Ford, Harry",2025-10-15,FC,0.28,2.46,6.0,hit_into_play,single,X,140.92,64.29,294.0,107.5,17.0,line_drive,0.3768571428571428,0.5465714285714286,L,R,0,0,2025
695670,"Ford, Harry",2025-09-27,SL,-0.41,1.04,13.0,swinging_strike,strikeout,S,,,,,,,,0.0,L,R,1,2,2025
695670,"Ford, Harry",2025-09-27,FF,-0.28,1.53,7.0,called_strike,,S,,,,,,,,,L,R,1,1,2025
695670,"Ford, Harry",2025-09-27,SL,-0.06,2.38,5.0,hit_into_play,single,X,108.42,109.0,79.0,102.2,4.0,ground_ball,0.554,0.505,R,R,0,0,2025
695670,"Ford, Harry",2025-09-27,FF,0.78,3.0,3.0,called_strike,,S,,,,,,,,,L,R,1,0,2025
695670,"Ford, Harry",2025-09-27,SL,1.55,3.52,12.0,ball,,B,,,,,,,,,L,R,0,0,2025
695670,"Ford, Harry",2025-09-27,FF,0.54,2.07,6.0,hit_into_play,field_out,X,160.4,48.84,380.0,100.9,32.0,fly_ball,0.4838749999999999,0.9436250000000002,L,R,3,2,2025
695670,"Ford, Harry",2025-09-27,SL,-0.25,0.34,13.0,ball,,B,,,,,,,,,L,R,2,2,2025
695670,"Ford, Harry",2025-09-27,SL,-0.49,1.86,7.0,foul,,S,,,,,,,,,L,R,2,2,2025
695670,"Ford, Harry",2025-09-27,SL,1.67,3.13,12.0,ball,,B,,,,,,,,,L,R,1,2,2025
695670,"Ford, Harry",2025-09-27,FF,1.09,0.91,14.0,ball,,B,,,,,,,,,L,R,0,2,2025
695670,"Ford, Harry",2025-09-27,SL,0.06,2.93,2.0,foul,,S,,,211.0,75.3,55.0,,,,L,R,0,2,2025
695670,"Ford, Harry",2025-09-27,SL,-0.09,0.71,13.0,swinging_strike,,S,,,,,,,,,L,R,0,1,2025
695670,"Ford, Harry",2025-09-27,SL,0.13,1.54,8.0,foul,,S,,,2.0,79.1,-37.0,,,,L,R,0,0,2025
695670,"Ford, Harry",2025-09-27,FF,-0.04,2.96,2.0,swinging_strike,strikeout,S,,,,,,,,0.0,R,R,3,2,2025
695670,"Ford, Harry",2025-09-27,FF,0.02,3.17,2.0,foul,,S,,,344.0,102.6,42.0,,,,R,R,3,1,2025
695670,"Ford, Harry",2025-09-27,SI,-0.6,1.12,13.0,ball,,B,,,,,,,,,R,R,2,1,2025
695670,"Ford, Harry",2025-09-27,SL,1.59,2.09,14.0,ball,,B,,,,,,,,,R,R,1,1,2025
695670,"Ford, Harry",2025-09-27,FF,0.23,2.68,5.0,swinging_strike,,S,,,,,,,,,R,R,1,0,2025
695670,"Ford, Harry",2025-09-27,SI,-1.26,3.09,11.0,ball,,B,,,,,,,,,R,R,0,0,2025
695670,"Ford, Harry",2025-09-11,CH,-0.36,2.16,4.0,hit_into_play,sac_fly,X,182.74,108.89,265.0,85.4,44.0,fly_ball,0.008,0.007,L,R,0,0,2025
695670,"Ford, Harry",2025-09-07,SI,-1.68,3.69,11.0,hit_by_pitch,hit_by_pitch,B,,,,,,,,0.722289,R,R,2,0,2025
695670,"Ford, Harry",2025-09-07,SI,-1.65,2.37,13.0,ball,,B,,,,,,,,,R,R,1,0,2025
695670,"Ford, Harry",2025-09-07,SL,1.03,2.78,12.0,ball,,B,,,,,,,,,R,R,0,0,2025
695670,"Ford, Harry",2025-09-06,SL,0.21,2.16,5.0,hit_into_play,field_out,X,93.79,167.38,7.0,87.2,-19.0,ground_ball,0.076,0.072,R,R,0,2,2025
695670,"Ford, Harry",2025-09-06,SL,0.41,1.52,9.0,swinging_strike,,S,,,,,,,,,R,R,0,1,2025
695670,"Ford, Harry",2025-09-06,FF,0.69,1.86,9.0,called_strike,,S,,,,,,,,,R,R,0,0,2025
695670,"Ford, Harry",2025-09-05,SL,-0.03,0.44,13.0,swinging_strike_blocked,strikeout,S,,,,,,,,0.0,L,R,0,2,2025
695670,"Ford, Harry",2025-09-05,SL,-0.06,0.81,13.0,swinging_strike,,S,,,,,,,,,L,R,0,1,2025
695670,"Ford, Harry",2025-09-05,SL,-0.16,0.99,13.0,swinging_strike,,S,,,,,,,,,L,R,0,0,2025
695670,"Ford, Harry",2025-03-22,SL,-1.25,0.07,13.0,blocked_ball,walk,B,,,,,,,,,L,R,3,2,2025
695670,"Ford, Harry",2025-03-22,FF,-0.96,1.45,13.0,foul,,S,,,,,,,,,L,R,3,1,2025
695670,"Ford, Harry",2025-03-22,CH,1.22,1.94,14.0,ball,,B,,,,,,,,,L,R,2,1,2025
695670,"Ford, Harry",2025-03-22,CH,1.69,3.64,12.0,ball,,B,,,,,,,,,L,R,1,1,2025
695670,"Ford, Harry",2025-03-22,FF,0.79,3.14,3.0,called_strike,,S,,,,,,,,,L,R,1,0,2025
695670,"Ford, Harry",2025-03-22,SL,2.51,4.57,12.0,ball,,B,,,,,,,,,L,R,0,0,2025
695670,"Ford, Harry",2025-03-21,FF,-0.3,2.28,4.0,hit_into_play,sac_fly,X,197.71,93.25,316.0,94.0,38.0,fly_ball,0.046,,R,R,1,0,2025
695670,"Ford, Harry",2025-03-21,FF,0.38,1.23,14.0,ball,,B,,,,,,,,,R,R,0,0,2025
695670,"Ford, Harry",2025-03-21,SL,1.86,1.19,14.0,ball,walk,B,,,,,,,,,R,R,3,1,2025
695670,"Ford, Harry",2025-03-21,SL,1.25,2.72,12.0,ball,,B,,,,,,,,,R,R,2,1,2025
695670,"Ford, Harry",2025-03-21,FF,-1.24,2.29,13.0,ball,,B,,,,,,,,,R,R,1,1,2025
695670,"Ford, Harry",2025-03-21,FF,0.28,2.14,6.0,foul,,S,,,303.0,97.9,22.0,,,,R,R,1,0,2025
695670,"Ford, Harry",2025-03-21,FF,-1.66,3.9,11.0,ball,,B,,,,,,,,,R,R,0,0,2025
695670,"Ford, Harry",2025-03-21,FF,-0.22,3.49,11.0,swinging_strike,strikeout,S,,,,,,,,,R,R,0,2,2025
695670,"Ford, Harry",2025-03-21,FF,0.21,2.9,2.0,foul,,S,,,,,,,,,R,R,0,2,2025
695670,"Ford, Harry",2025-03-21,FF,-0.35,3.08,1.0,swinging_strike,,S,,,,,,,,,R,R,0,1,2025
695670,"Ford, Harry",2025-03-21,FF,0.32,2.39,6.0,called_strike,,S,,,,,,,,,R,R,0,0,2025
695670,"Ford, Harry",2025-03-21,SI,-0.32,2.14,4.0,hit_into_play,field_out,X,196.88,114.82,273.0,83.2,35.0,fly_ball,0.03,,R,R,2,0,2025
695670,"Ford, Harry",2025-03-21,SI,0.74,1.53,9.0,ball,,B,,,,,,,,,R,R,1,0,2025
695670,"Ford, Harry",2025-03-21,FF,1.28,2.33,14.0,ball,,B,,,,,,,,,R,R,0,0,2025
