Unnamed: 0,team,x,y,segment,name,location
101,astros,130.42052020068198,156.066080195775,infield_inner,Minute Maid Park,"Houston, TX"
102,astros,132.99090814827102,158.573614384027,infield_inner,Minute Maid Park,"Houston, TX"
103,astros,135.561296095859,161.08114857228,infield_inner,Minute Maid Park,"Houston, TX"
104,astros,138.13168404344802,163.588682760532,infield_inner,Minute Maid Park,"Houston, TX"
105,astros,140.702071991036,166.096216948785,infield_inner,Minute Maid Park,"Houston, TX"
106,astros,143.272459938625,168.603751137037,infield_inner,Minute Maid Park,"Houston, TX"
107,astros,145.172445173696,171.280137916967,infield_inner,Minute Maid Park,"Houston, TX"
108,astros,145.073766408557,174.837225810018,infield_inner,Minute Maid Park,"Houston, TX"
109,astros,146.585000608239,178.05883766921102,infield_inner,Minute Maid Park,"Houston, TX"
110,astros,144.25921222591802,180.57963513922,infield_inner,Minute Maid Park,"Houston, TX"
111,astros,141.688051435583,183.086376868359,infield_inner,Minute Maid Park,"Houston, TX"
112,astros,139.116890645248,185.593118597498,infield_inner,Minute Maid Park,"Houston, TX"
113,astros,136.545729854913,188.099860326637,infield_inner,Minute Maid Park,"Houston, TX"
114,astros,133.974569064578,190.606602055776,infield_inner,Minute Maid Park,"Houston, TX"
115,astros,131.403408274243,193.113343784915,infield_inner,Minute Maid Park,"Houston, TX"
116,astros,128.832247483909,195.620085514054,infield_inner,Minute Maid Park,"Houston, TX"
117,astros,125.523332901261,195.458360477215,infield_inner,Minute Maid Park,"Houston, TX"
118,astros,122.008371168435,196.043302514788,infield_inner,Minute Maid Park,"Houston, TX"
119,astros,119.406533109913,193.697011020472,infield_inner,Minute Maid Park,"Houston, TX"
120,astros,116.836020670398,191.189604450994,infield_inner,Minute Maid Park,"Houston, TX"
121,astros,114.265508230883,188.682197881516,infield_inner,Minute Maid Park,"Houston, TX"
122,astros,111.694995791368,186.174791312038,infield_inner,Minute Maid Park,"Houston, TX"
123,astros,109.124483351853,183.66738474256,infield_inner,Minute Maid Park,"Houston, TX"
124,astros,106.553970912338,181.159978173082,infield_inner,Minute Maid Park,"Houston, TX"
125,astros,103.983458472823,178.652571603604,infield_inner,Minute Maid Park,"Houston, TX"
126,astros,104.991696871791,175.64839950993,infield_inner,Minute Maid Park,"Houston, TX"
127,astros,105.305662791374,172.10373672144902,infield_inner,Minute Maid Park,"Houston, TX"
128,astros,106.298345325145,169.156658184278,infield_inner,Minute Maid Park,"Houston, TX"
129,astros,108.869477361565,166.649886962634,infield_inner,Minute Maid Park,"Houston, TX"
130,astros,111.440609397984,164.14311574099,infield_inner,Minute Maid Park,"Houston, TX"
131,astros,114.011741434403,161.636344519346,infield_inner,Minute Maid Park,"Houston, TX"
132,astros,116.582873470822,159.129573297703,infield_inner,Minute Maid Park,"Houston, TX"
133,astros,119.154005507242,156.622802076059,infield_inner,Minute Maid Park,"Houston, TX"
134,astros,122.648833340425,155.353392376777,infield_inner,Minute Maid Park,"Houston, TX"
135,astros,126.239416670213,155.401696188389,infield_inner,Minute Maid Park,"Houston, TX"
136,astros,130.42052020068198,156.066080195775,infield_inner,Minute Maid Park,"Houston, TX"
137,astros,164.34,168.49,infield_outer,Minute Maid Park,"Houston, TX"
138,astros,164.17101003046102,168.075602261176,infield_outer,Minute Maid Park,"Houston, TX"
139,astros,163.660441227331,166.911750630487,infield_outer,Minute Maid Park,"Houston, TX"
140,astros,162.802895248839,165.117457486603,infield_outer,Minute Maid Park,"Houston, TX"
141,astros,161.592973753216,162.811735208198,infield_outer,Minute Maid Park,"Houston, TX"
142,astros,160.02527839869,160.113596173942,infield_outer,Minute Maid Park,"Houston, TX"
143,astros,158.094410843492,157.142052762508,infield_outer,Minute Maid Park,"Houston, TX"
144,astros,155.794972745852,154.016117352568,infield_outer,Minute Maid Park,"Houston, TX"
145,astros,153.121565763999,150.854802322794,infield_outer,Minute Maid Park,"Houston, TX"
146,astros,150.068791556164,147.777120051857,infield_outer,Minute Maid Park,"Houston, TX"
147,astros,146.631251780575,144.902082918429,infield_outer,Minute Maid Park,"Houston, TX"
148,astros,142.803548095463,142.348703301183,infield_outer,Minute Maid Park,"Houston, TX"
149,astros,138.58028215905702,140.23599357879,infield_outer,Minute Maid Park,"Houston, TX"
150,astros,133.956055629588,138.682966129923,infield_outer,Minute Maid Park,"Houston, TX"
151,astros,128.925470165284,137.808633333252,infield_outer,Minute Maid Park,"Houston, TX"
152,astros,123.498368326396,137.728535198897,infield_outer,Minute Maid Park,"Houston, TX"
153,astros,118.256178678926,138.442791431328,infield_outer,Minute Maid Park,"Houston, TX"
154,astros,113.434064493081,139.837713097094,infield_outer,Minute Maid Park,"Houston, TX"
155,astros,109.026020907693,141.798107264577,infield_outer,Minute Maid Park,"Houston, TX"
156,astros,105.026043061591,144.208781002161,infield_outer,Minute Maid Park,"Houston, TX"
157,astros,101.428126093609,146.954541378229,infield_outer,Minute Maid Park,"Houston, TX"
158,astros,98.2262651425768,149.920195461165,infield_outer,Minute Maid Park,"Houston, TX"
159,astros,95.4144553473258,152.99055031935302,infield_outer,Minute Maid Park,"Houston, TX"
160,astros,92.9866918466873,156.05041302117598,infield_outer,Minute Maid Park,"Houston, TX"
161,astros,90.93696977949249,158.984590635018,infield_outer,Minute Maid Park,"Houston, TX"
162,astros,89.25928428457279,161.677890229262,infield_outer,Minute Maid Park,"Houston, TX"
163,astros,87.94763050075942,164.015118872292,infield_outer,Minute Maid Park,"Houston, TX"
164,astros,86.9960035668836,165.881083632491,infield_outer,Minute Maid Park,"Houston, TX"
165,astros,86.39839862177651,167.160591578243,infield_outer,Minute Maid Park,"Houston, TX"
166,astros,86.1488108042696,167.738449777932,infield_outer,Minute Maid Park,"Houston, TX"
167,astros,88.12380014144871,169.700017172831,infield_outer,Minute Maid Park,"Houston, TX"
168,astros,90.6911284352287,172.210683884746,infield_outer,Minute Maid Park,"Houston, TX"
169,astros,93.2584567290086,174.72135059666198,infield_outer,Minute Maid Park,"Houston, TX"
170,astros,95.8257850227886,177.232017308577,infield_outer,Minute Maid Park,"Houston, TX"
171,astros,98.3931133165685,179.74268402049302,infield_outer,Minute Maid Park,"Houston, TX"
172,astros,100.960441610348,182.253350732408,infield_outer,Minute Maid Park,"Houston, TX"
173,astros,103.527769904128,184.764017444323,infield_outer,Minute Maid Park,"Houston, TX"
174,astros,106.095098197908,187.274684156239,infield_outer,Minute Maid Park,"Houston, TX"
175,astros,108.662426491688,189.785350868154,infield_outer,Minute Maid Park,"Houston, TX"
176,astros,111.229754785468,192.29601758006905,infield_outer,Minute Maid Park,"Houston, TX"
177,astros,113.797083079248,194.80668429198505,infield_outer,Minute Maid Park,"Houston, TX"
178,astros,116.364411373028,197.3173510039,infield_outer,Minute Maid Park,"Houston, TX"
179,astros,117.734359574545,199.910334890695,infield_outer,Minute Maid Park,"Houston, TX"
180,astros,116.980222025102,203.363193321513,infield_outer,Minute Maid Park,"Houston, TX"
181,astros,117.712028823279,206.830160465756,infield_outer,Minute Maid Park,"Houston, TX"
182,astros,119.857261641048,209.673810783087,infield_outer,Minute Maid Park,"Houston, TX"
183,astros,123.008596847679,211.334370142201,infield_outer,Minute Maid Park,"Houston, TX"
184,astros,126.566993707645,211.49618100918,infield_outer,Minute Maid Park,"Houston, TX"
185,astros,129.856032693185,210.12848458040295,infield_outer,Minute Maid Park,"Houston, TX"
186,astros,132.250496807729,207.491267756959,infield_outer,Minute Maid Park,"Houston, TX"
187,astros,133.295219764507,204.085841951972,infield_outer,Minute Maid Park,"Houston, TX"
188,astros,132.770431817966,200.56522454091203,infield_outer,Minute Maid Park,"Houston, TX"
189,astros,133.90902951177,197.821969063375,infield_outer,Minute Maid Park,"Houston, TX"
190,astros,136.494441368227,195.32992824532,infield_outer,Minute Maid Park,"Houston, TX"
191,astros,139.079853224685,192.837887427265,infield_outer,Minute Maid Park,"Houston, TX"
192,astros,141.665265081142,190.34584660921,infield_outer,Minute Maid Park,"Houston, TX"
193,astros,144.2506769376,187.85380579115505,infield_outer,Minute Maid Park,"Houston, TX"
194,astros,146.83608879405702,185.3617649731,infield_outer,Minute Maid Park,"Houston, TX"
195,astros,149.421500650515,182.86972415504505,infield_outer,Minute Maid Park,"Houston, TX"
196,astros,152.006912506972,180.37768333699,infield_outer,Minute Maid Park,"Houston, TX"
197,astros,154.59232436343,177.885642518936,infield_outer,Minute Maid Park,"Houston, TX"
198,astros,157.177736219887,175.393601700881,infield_outer,Minute Maid Park,"Houston, TX"
199,astros,159.763148076345,172.901560882826,infield_outer,Minute Maid Park,"Houston, TX"
200,astros,162.348559932803,170.40952006477102,infield_outer,Minute Maid Park,"Houston, TX"
201,astros,164.34,168.49,infield_outer,Minute Maid Park,"Houston, TX"
1312,marlins,127.146755767811,195.708833498012,infield_inner,Marlins Park,"Miami, FL"
1313,marlins,123.548894523915,195.60605700342,infield_inner,Marlins Park,"Miami, FL"
1314,marlins,120.541952899602,194.787544550137,infield_inner,Marlins Park,"Miami, FL"
1315,marlins,117.961725814981,192.23738367095,infield_inner,Marlins Park,"Miami, FL"
1316,marlins,115.381498730359,189.687222791764,infield_inner,Marlins Park,"Miami, FL"
1317,marlins,112.801271645738,187.137061912578,infield_inner,Marlins Park,"Miami, FL"
1318,marlins,110.221044561116,184.586901033391,infield_inner,Marlins Park,"Miami, FL"
1319,marlins,107.640817476495,182.036740154205,infield_inner,Marlins Park,"Miami, FL"
1320,marlins,105.060590391873,179.486579275019,infield_inner,Marlins Park,"Miami, FL"
1321,marlins,103.122710046089,177.297133555102,infield_inner,Marlins Park,"Miami, FL"
1322,marlins,105.715444962531,174.119651319793,infield_inner,Marlins Park,"Miami, FL"
1323,marlins,106.351436740581,170.498849828738,infield_inner,Marlins Park,"Miami, FL"
1324,marlins,107.785239409794,167.73289473429702,infield_inner,Marlins Park,"Miami, FL"
1325,marlins,110.383174748266,165.200776195392,infield_inner,Marlins Park,"Miami, FL"
1326,marlins,112.981110086737,162.668657656487,infield_inner,Marlins Park,"Miami, FL"
1327,marlins,115.579045425209,160.136539117583,infield_inner,Marlins Park,"Miami, FL"
1328,marlins,118.176980763681,157.604420578678,infield_inner,Marlins Park,"Miami, FL"
1329,marlins,120.887828195355,155.355105816411,infield_inner,Marlins Park,"Miami, FL"
1330,marlins,124.515323867033,155.401661910593,infield_inner,Marlins Park,"Miami, FL"
1331,marlins,128.14281953871,155.448218004775,infield_inner,Marlins Park,"Miami, FL"
1332,marlins,131.220745365794,156.819174859784,infield_inner,Marlins Park,"Miami, FL"
1333,marlins,133.815475910916,159.354577335952,infield_inner,Marlins Park,"Miami, FL"
1334,marlins,136.410206456038,161.88997981212,infield_inner,Marlins Park,"Miami, FL"
1335,marlins,139.004937001159,164.425382288288,infield_inner,Marlins Park,"Miami, FL"
1336,marlins,141.59966754628098,166.960784764456,infield_inner,Marlins Park,"Miami, FL"
1337,marlins,144.194398091403,169.496187240624,infield_inner,Marlins Park,"Miami, FL"
1338,marlins,143.692860881242,172.242087853914,infield_inner,Marlins Park,"Miami, FL"
1339,marlins,145.598665852475,175.576354779309,infield_inner,Marlins Park,"Miami, FL"
1340,marlins,146.42575410167402,178.27321673520697,infield_inner,Marlins Park,"Miami, FL"
1341,marlins,143.84350351572,180.821328630177,infield_inner,Marlins Park,"Miami, FL"
1342,marlins,141.261252929767,183.369440525148,infield_inner,Marlins Park,"Miami, FL"
1343,marlins,138.679002343814,185.917552420118,infield_inner,Marlins Park,"Miami, FL"
1344,marlins,136.09675175786,188.465664315089,infield_inner,Marlins Park,"Miami, FL"
1345,marlins,133.514501171907,191.013776210059,infield_inner,Marlins Park,"Miami, FL"
1346,marlins,130.932250585953,193.56188810503,infield_inner,Marlins Park,"Miami, FL"
1347,marlins,127.146755767811,195.708833498012,infield_inner,Marlins Park,"Miami, FL"
1348,marlins,147.75,184.0,infield_outer,Marlins Park,"Miami, FL"
1349,marlins,150.27072027308998,182.471087699302,infield_outer,Marlins Park,"Miami, FL"
1350,marlins,152.799110452516,179.869523666162,infield_outer,Marlins Park,"Miami, FL"
1351,marlins,155.327500631941,177.267959633021,infield_outer,Marlins Park,"Miami, FL"
1352,marlins,157.855890811367,174.666395599881,infield_outer,Marlins Park,"Miami, FL"
1353,marlins,160.384280990792,172.06483156674,infield_outer,Marlins Park,"Miami, FL"
1354,marlins,162.912671170218,169.463267533599,infield_outer,Marlins Park,"Miami, FL"
1355,marlins,164.191614062832,167.204793099988,infield_outer,Marlins Park,"Miami, FL"
1356,marlins,163.168719508736,165.253271648727,infield_outer,Marlins Park,"Miami, FL"
1357,marlins,161.864609800018,162.967016621836,infield_outer,Marlins Park,"Miami, FL"
1358,marlins,160.281864233515,160.423611630489,infield_outer,Marlins Park,"Miami, FL"
1359,marlins,158.423062106064,157.700640285861,infield_outer,Marlins Park,"Miami, FL"
1360,marlins,156.290782714498,154.875686199128,infield_outer,Marlins Park,"Miami, FL"
1361,marlins,153.887605355656,152.026332981464,infield_outer,Marlins Park,"Miami, FL"
1362,marlins,151.216109326372,149.230164244044,infield_outer,Marlins Park,"Miami, FL"
1363,marlins,148.278873923482,146.56476359804398,infield_outer,Marlins Park,"Miami, FL"
1364,marlins,145.078478443822,144.10771465463802,infield_outer,Marlins Park,"Miami, FL"
1365,marlins,141.61750218422898,141.93660102500098,infield_outer,Marlins Park,"Miami, FL"
1366,marlins,137.898524441538,140.129006320308,infield_outer,Marlins Park,"Miami, FL"
1367,marlins,133.924124512585,138.762514151735,infield_outer,Marlins Park,"Miami, FL"
1368,marlins,129.696881694205,137.914708130455,infield_outer,Marlins Park,"Miami, FL"
1369,marlins,125.21889155234,137.663109288551,infield_outer,Marlins Park,"Miami, FL"
1370,marlins,120.745907503215,138.04192632492598,infield_outer,Marlins Park,"Miami, FL"
1371,marlins,116.518537393044,138.987245867876,infield_outer,Marlins Park,"Miami, FL"
1372,marlins,112.539965667507,140.424003122378,infield_outer,Marlins Park,"Miami, FL"
1373,marlins,108.813376772285,142.277133293406,infield_outer,Marlins Park,"Miami, FL"
1374,marlins,105.341955153057,144.471571585937,infield_outer,Marlins Park,"Miami, FL"
1375,marlins,102.128885255503,146.932253204946,infield_outer,Marlins Park,"Miami, FL"
1376,marlins,99.1773515253036,149.584113355411,infield_outer,Marlins Park,"Miami, FL"
1377,marlins,96.4905384081388,152.352087242306,infield_outer,Marlins Park,"Miami, FL"
1378,marlins,94.07163034968842,155.16111007060698,infield_outer,Marlins Park,"Miami, FL"
1379,marlins,91.9238117956326,157.936117045291,infield_outer,Marlins Park,"Miami, FL"
1380,marlins,90.0502671916514,160.602043371334,infield_outer,Marlins Park,"Miami, FL"
1381,marlins,88.45418098342479,163.083824253711,infield_outer,Marlins Park,"Miami, FL"
1382,marlins,87.1387376166329,165.306394897399,infield_outer,Marlins Park,"Miami, FL"
1383,marlins,86.1071215369558,167.194690507372,infield_outer,Marlins Park,"Miami, FL"
1384,marlins,87.4742854392767,169.416368490768,infield_outer,Marlins Park,"Miami, FL"
1385,marlins,90.0533685297526,171.967686332662,infield_outer,Marlins Park,"Miami, FL"
1386,marlins,92.6324516202286,174.51900417455602,infield_outer,Marlins Park,"Miami, FL"
1387,marlins,95.2115347107045,177.07032201645,infield_outer,Marlins Park,"Miami, FL"
1388,marlins,97.7906178011804,179.621639858345,infield_outer,Marlins Park,"Miami, FL"
1389,marlins,100.369700891656,182.17295770023895,infield_outer,Marlins Park,"Miami, FL"
1390,marlins,102.965185393585,183.912988763747,infield_outer,Marlins Park,"Miami, FL"
1391,marlins,105.564691425271,186.197373020032,infield_outer,Marlins Park,"Miami, FL"
1392,marlins,108.159929132861,188.732256362329,infield_outer,Marlins Park,"Miami, FL"
1393,marlins,110.75516684045,191.267139704626,infield_outer,Marlins Park,"Miami, FL"
1394,marlins,113.350404548039,193.802023046922,infield_outer,Marlins Park,"Miami, FL"
1395,marlins,115.945642255629,196.33690638921905,infield_outer,Marlins Park,"Miami, FL"
1396,marlins,118.540879963218,198.871789731515,infield_outer,Marlins Park,"Miami, FL"
1397,marlins,117.05524243835,202.250873789017,infield_outer,Marlins Park,"Miami, FL"
1398,marlins,117.262553751435,205.678177198304,infield_outer,Marlins Park,"Miami, FL"
1399,marlins,118.986034590631,208.836606829351,infield_outer,Marlins Park,"Miami, FL"
1400,marlins,121.899208569028,210.94835523030895,infield_outer,Marlins Park,"Miami, FL"
1401,marlins,125.43706058398,211.603845167418,infield_outer,Marlins Park,"Miami, FL"
1402,marlins,128.91341815344802,210.675943240187,infield_outer,Marlins Park,"Miami, FL"
1403,marlins,131.654035748839,208.34461762303505,infield_outer,Marlins Park,"Miami, FL"
1404,marlins,133.12736587472202,205.06203292838904,infield_outer,Marlins Park,"Miami, FL"
1405,marlins,133.038994791026,201.466460572055,infield_outer,Marlins Park,"Miami, FL"
1406,marlins,133.200304985524,198.437486569634,infield_outer,Marlins Park,"Miami, FL"
1407,marlins,135.77545367738998,195.882197636318,infield_outer,Marlins Park,"Miami, FL"
1408,marlins,138.350602369255,193.32690870300095,infield_outer,Marlins Park,"Miami, FL"
1409,marlins,140.92575106112102,190.77161976968495,infield_outer,Marlins Park,"Miami, FL"
1410,marlins,143.500899752986,188.216330836368,infield_outer,Marlins Park,"Miami, FL"
1411,marlins,146.076048444852,185.661041903052,infield_outer,Marlins Park,"Miami, FL"
1412,marlins,147.75,184.0,infield_outer,Marlins Park,"Miami, FL"
3229,astros,221.81,107.2,outfield_outer,Minute Maid Park,"Houston, TX"
3230,astros,218.06361294845505,102.673971750716,outfield_outer,Minute Maid Park,"Houston, TX"
3231,astros,214.322396144288,98.143672251734,outfield_outer,Minute Maid Park,"Houston, TX"
3232,astros,210.59849896233,93.60012687331007,outfield_outer,Minute Maid Park,"Houston, TX"
3233,astros,206.864557943654,89.0638986958695,outfield_outer,Minute Maid Park,"Houston, TX"
3234,astros,203.135222506278,84.5238825376841,outfield_outer,Minute Maid Park,"Houston, TX"
3235,astros,199.35351481949,80.0274126762247,outfield_outer,Minute Maid Park,"Houston, TX"
3236,astros,195.594676647016,75.51176959754159,outfield_outer,Minute Maid Park,"Houston, TX"
3237,astros,191.845237559728,70.9882708595608,outfield_outer,Minute Maid Park,"Houston, TX"
3238,astros,188.108632139309,66.4541776172402,outfield_outer,Minute Maid Park,"Houston, TX"
3239,astros,184.343143488056,61.9443232973877,outfield_outer,Minute Maid Park,"Houston, TX"
3240,astros,179.40007119594898,59.4654187466385,outfield_outer,Minute Maid Park,"Houston, TX"
3241,astros,175.35069252252103,55.281826905733006,outfield_outer,Minute Maid Park,"Houston, TX"
3242,astros,171.619904131233,50.7429990070428,outfield_outer,Minute Maid Park,"Houston, TX"
3243,astros,167.896831471778,46.1977765201655,outfield_outer,Minute Maid Park,"Houston, TX"
3244,astros,164.17208246468098,41.6539455409931,outfield_outer,Minute Maid Park,"Houston, TX"
3245,astros,160.179018220248,37.3529706892208,outfield_outer,Minute Maid Park,"Houston, TX"
3246,astros,156.675301774173,32.7294655769107,outfield_outer,Minute Maid Park,"Houston, TX"
3247,astros,152.906992599647,28.3629535610139,outfield_outer,Minute Maid Park,"Houston, TX"
3248,astros,148.02563550328,25.0969371972496,outfield_outer,Minute Maid Park,"Houston, TX"
3249,astros,142.66975208673,22.7247885965587,outfield_outer,Minute Maid Park,"Houston, TX"
3250,astros,136.953550255547,21.427239025855,outfield_outer,Minute Maid Park,"Houston, TX"
3251,astros,131.267243596896,21.3050017475951,outfield_outer,Minute Maid Park,"Houston, TX"
3252,astros,128.085734413167,26.1687826653431,outfield_outer,Minute Maid Park,"Houston, TX"
3253,astros,122.358546585935,24.857616296400103,outfield_outer,Minute Maid Park,"Houston, TX"
3254,astros,116.854228681938,25.832135930379,outfield_outer,Minute Maid Park,"Houston, TX"
3255,astros,112.064877400656,29.2298887244803,outfield_outer,Minute Maid Park,"Houston, TX"
3256,astros,107.780666730867,33.226218909215696,outfield_outer,Minute Maid Park,"Houston, TX"
3257,astros,103.250357170048,36.9534474730586,outfield_outer,Minute Maid Park,"Houston, TX"
3258,astros,98.6448329481447,40.60160236577929,outfield_outer,Minute Maid Park,"Houston, TX"
3259,astros,94.0484025449097,44.2606376191201,outfield_outer,Minute Maid Park,"Houston, TX"
3260,astros,89.4597959316584,47.9300802838454,outfield_outer,Minute Maid Park,"Houston, TX"
3261,astros,84.863581519369,51.5900164695166,outfield_outer,Minute Maid Park,"Houston, TX"
3262,astros,80.2476668603612,55.2250318701949,outfield_outer,Minute Maid Park,"Houston, TX"
3263,astros,75.6439670666125,58.8755508036305,outfield_outer,Minute Maid Park,"Houston, TX"
3264,astros,71.05450886137909,62.5438989311074,outfield_outer,Minute Maid Park,"Houston, TX"
3265,astros,66.5456372743798,66.2345638722849,outfield_outer,Minute Maid Park,"Houston, TX"
3266,astros,67.5041885568849,72.0312467759549,outfield_outer,Minute Maid Park,"Houston, TX"
3267,astros,67.1013804088298,77.3410353633792,outfield_outer,Minute Maid Park,"Houston, TX"
3268,astros,62.7223291399498,81.2581238367118,outfield_outer,Minute Maid Park,"Houston, TX"
3269,astros,58.34712227652541,85.1795922165905,outfield_outer,Minute Maid Park,"Houston, TX"
3270,astros,54.048506986568,89.1838064325863,outfield_outer,Minute Maid Park,"Houston, TX"
3271,astros,49.847903431622704,93.2917407869544,outfield_outer,Minute Maid Park,"Houston, TX"
3272,astros,45.6357038949126,97.3878015503521,outfield_outer,Minute Maid Park,"Houston, TX"
3273,astros,41.4232429647277,101.483580135801,outfield_outer,Minute Maid Park,"Houston, TX"
3274,astros,37.2017645813281,105.570071206627,outfield_outer,Minute Maid Park,"Houston, TX"
3275,astros,32.997181781802304,109.673921174166,outfield_outer,Minute Maid Park,"Houston, TX"
3276,astros,30.8808574985869,113.413668018644,outfield_outer,Minute Maid Park,"Houston, TX"
3277,astros,35.0304947452959,117.573098745032,outfield_outer,Minute Maid Park,"Houston, TX"
3278,astros,39.1801319920048,121.73252947142,outfield_outer,Minute Maid Park,"Houston, TX"
3279,astros,43.3297692387137,125.891960197807,outfield_outer,Minute Maid Park,"Houston, TX"
3280,astros,47.47940648542271,130.051390924195,outfield_outer,Minute Maid Park,"Houston, TX"
3281,astros,51.629043732131606,134.210821650582,outfield_outer,Minute Maid Park,"Houston, TX"
3282,astros,55.778680978840505,138.37025237696997,outfield_outer,Minute Maid Park,"Houston, TX"
3283,astros,59.28874443162311,142.766536726464,outfield_outer,Minute Maid Park,"Houston, TX"
3284,astros,58.849214123092,148.625475739184,outfield_outer,Minute Maid Park,"Houston, TX"
3285,astros,58.40968381456079,154.48441475190398,outfield_outer,Minute Maid Park,"Houston, TX"
3286,astros,61.5802638863009,159.197554074876,outfield_outer,Minute Maid Park,"Houston, TX"
3287,astros,65.31808667819391,163.730658311852,outfield_outer,Minute Maid Park,"Houston, TX"
3288,astros,69.055909470087,168.263762548829,outfield_outer,Minute Maid Park,"Houston, TX"
3289,astros,72.7937322619801,172.796866785806,outfield_outer,Minute Maid Park,"Houston, TX"
3290,astros,76.5315550538732,177.329971022782,outfield_outer,Minute Maid Park,"Houston, TX"
3291,astros,80.2693778457662,181.863075259759,outfield_outer,Minute Maid Park,"Houston, TX"
3292,astros,84.0072006376593,186.396179496736,outfield_outer,Minute Maid Park,"Houston, TX"
3293,astros,87.7450234295524,190.929283733712,outfield_outer,Minute Maid Park,"Houston, TX"
3294,astros,91.4828462214454,195.462387970689,outfield_outer,Minute Maid Park,"Houston, TX"
3295,astros,95.22066901333852,199.995492207666,outfield_outer,Minute Maid Park,"Houston, TX"
3296,astros,98.9584918052316,204.52859644464297,outfield_outer,Minute Maid Park,"Houston, TX"
3297,astros,102.696314597125,209.061700681619,outfield_outer,Minute Maid Park,"Houston, TX"
3298,astros,105.48540868219,212.43093460238,outfield_outer,Minute Maid Park,"Houston, TX"
3299,astros,107.884216687315,214.741382671716,outfield_outer,Minute Maid Park,"Houston, TX"
3300,astros,112.880547698912,218.383652445676,outfield_outer,Minute Maid Park,"Houston, TX"
3301,astros,119.953473135408,221.466896078269,outfield_outer,Minute Maid Park,"Houston, TX"
3302,astros,126.211064722558,222.094838603816,outfield_outer,Minute Maid Park,"Houston, TX"
3303,astros,131.314103758811,219.477895508302,outfield_outer,Minute Maid Park,"Houston, TX"
3304,astros,138.959114510842,215.557377173927,outfield_outer,Minute Maid Park,"Houston, TX"
3305,astros,144.63660473873898,212.645843723724,outfield_outer,Minute Maid Park,"Houston, TX"
3306,astros,145.579636236482,211.983557961282,outfield_outer,Minute Maid Park,"Houston, TX"
3307,astros,147.004251540835,210.146260250615,outfield_outer,Minute Maid Park,"Houston, TX"
3308,astros,149.558441227384,206.856701005821,outfield_outer,Minute Maid Park,"Houston, TX"
3309,astros,153.041410471849,202.378383690577,outfield_outer,Minute Maid Park,"Houston, TX"
3310,astros,157.25236444994698,196.974811768563,outfield_outer,Minute Maid Park,"Houston, TX"
3311,astros,161.990508337399,190.909488703457,outfield_outer,Minute Maid Park,"Houston, TX"
3312,astros,167.055047309924,184.445917958937,outfield_outer,Minute Maid Park,"Houston, TX"
3313,astros,172.245186543241,177.847602998682,outfield_outer,Minute Maid Park,"Houston, TX"
3314,astros,177.36013121307,171.378047286371,outfield_outer,Minute Maid Park,"Houston, TX"
3315,astros,182.199086495128,165.300754285683,outfield_outer,Minute Maid Park,"Houston, TX"
3316,astros,186.561257565136,159.879227460295,outfield_outer,Minute Maid Park,"Houston, TX"
3317,astros,190.245849598813,155.376970273887,outfield_outer,Minute Maid Park,"Houston, TX"
3318,astros,193.052067771879,152.057486190136,outfield_outer,Minute Maid Park,"Houston, TX"
3319,astros,195.231590803716,149.718881194333,outfield_outer,Minute Maid Park,"Houston, TX"
3320,astros,199.800688349278,142.581357573216,outfield_outer,Minute Maid Park,"Houston, TX"
3321,astros,201.588834136315,135.667357953566,outfield_outer,Minute Maid Park,"Houston, TX"
3322,astros,201.812178006148,130.598090890866,outfield_outer,Minute Maid Park,"Houston, TX"
3323,astros,202.242965922674,128.39458503605,outfield_outer,Minute Maid Park,"Houston, TX"
3324,astros,206.425457602453,124.268192350486,outfield_outer,Minute Maid Park,"Houston, TX"
3325,astros,210.60794928223095,120.141799664922,outfield_outer,Minute Maid Park,"Houston, TX"
3326,astros,214.79044096201,116.015406979358,outfield_outer,Minute Maid Park,"Houston, TX"
3327,astros,218.972932641788,111.889014293795,outfield_outer,Minute Maid Park,"Houston, TX"
3328,astros,221.81,107.2,outfield_outer,Minute Maid Park,"Houston, TX"
3329,astros,125.16,217.67,outfield_inner,Minute Maid Park,"Houston, TX"
3330,astros,118.109949682885,215.866866027306,outfield_inner,Minute Maid Park,"Houston, TX"
3331,astros,112.585482177816,211.834373958111,outfield_inner,Minute Maid Park,"Houston, TX"
3332,astros,108.891063616563,207.637888565742,outfield_inner,Minute Maid Park,"Houston, TX"
3333,astros,107.331160130898,205.342774623529,outfield_inner,Minute Maid Park,"Houston, TX"
3334,astros,104.422802490626,201.72607516055805,outfield_inner,Minute Maid Park,"Houston, TX"
3335,astros,101.002440342927,197.489343556852,outfield_inner,Minute Maid Park,"Houston, TX"
3336,astros,97.582078195228,193.252611953146,outfield_inner,Minute Maid Park,"Houston, TX"
3337,astros,94.16171604752908,189.01588034943904,outfield_inner,Minute Maid Park,"Houston, TX"
3338,astros,90.74135389983007,184.77914874573295,outfield_inner,Minute Maid Park,"Houston, TX"
3339,astros,87.32099175213109,180.542417142027,outfield_inner,Minute Maid Park,"Houston, TX"
3340,astros,83.9006296044321,176.30568553832,outfield_inner,Minute Maid Park,"Houston, TX"
3341,astros,80.48026745673309,172.068953934614,outfield_inner,Minute Maid Park,"Houston, TX"
3342,astros,77.0599053090342,167.832222330907,outfield_inner,Minute Maid Park,"Houston, TX"
3343,astros,73.6395431613352,163.595490727201,outfield_inner,Minute Maid Park,"Houston, TX"
3344,astros,70.2191810136362,159.35875912349502,outfield_inner,Minute Maid Park,"Houston, TX"
3345,astros,66.7988188659372,155.122027519788,outfield_inner,Minute Maid Park,"Houston, TX"
3346,astros,65.0790067513199,150.35439241076,outfield_inner,Minute Maid Park,"Houston, TX"
3347,astros,65.4814060282489,144.924213157256,outfield_inner,Minute Maid Park,"Houston, TX"
3348,astros,65.1028469224712,139.78478357018,outfield_inner,Minute Maid Park,"Houston, TX"
3349,astros,61.247326152119896,135.939821737775,outfield_inner,Minute Maid Park,"Houston, TX"
3350,astros,57.3918053817686,132.094859905371,outfield_inner,Minute Maid Park,"Houston, TX"
3351,astros,53.536284611417294,128.249898072967,outfield_inner,Minute Maid Park,"Houston, TX"
3352,astros,49.680763841065904,124.404936240562,outfield_inner,Minute Maid Park,"Houston, TX"
3353,astros,45.8252430707146,120.559974408158,outfield_inner,Minute Maid Park,"Houston, TX"
3354,astros,41.969722300363294,116.715012575754,outfield_inner,Minute Maid Park,"Houston, TX"
3355,astros,42.3158618799237,112.80215249997,outfield_inner,Minute Maid Park,"Houston, TX"
3356,astros,46.0451338588328,108.834621477964,outfield_inner,Minute Maid Park,"Houston, TX"
3357,astros,49.7744058377418,104.867090455958,outfield_inner,Minute Maid Park,"Houston, TX"
3358,astros,53.5036778166509,100.899559433952,outfield_inner,Minute Maid Park,"Houston, TX"
3359,astros,57.232949795559904,96.932028411946,outfield_inner,Minute Maid Park,"Houston, TX"
3360,astros,61.3358737134377,93.3681346347392,outfield_inner,Minute Maid Park,"Houston, TX"
3361,astros,65.5789125675257,89.95559991902469,outfield_inner,Minute Maid Park,"Houston, TX"
3362,astros,69.8219514216136,86.5430652033102,outfield_inner,Minute Maid Park,"Houston, TX"
3363,astros,74.06499027570159,83.13053048759579,outfield_inner,Minute Maid Park,"Houston, TX"
3364,astros,76.3509409895057,79.2219769054521,outfield_inner,Minute Maid Park,"Houston, TX"
3365,astros,74.24549659426779,74.2004357275051,outfield_inner,Minute Maid Park,"Houston, TX"
3366,astros,75.4883797309362,69.9997537517856,outfield_inner,Minute Maid Park,"Houston, TX"
3367,astros,79.6776192748662,66.521385751296,outfield_inner,Minute Maid Park,"Houston, TX"
3368,astros,83.86685881879609,63.043017750806506,outfield_inner,Minute Maid Park,"Houston, TX"
3369,astros,88.0560983627261,59.564649750316896,outfield_inner,Minute Maid Park,"Houston, TX"
3370,astros,92.24533790665608,56.08628174982739,outfield_inner,Minute Maid Park,"Houston, TX"
3371,astros,96.43457745058608,52.6079137493378,outfield_inner,Minute Maid Park,"Houston, TX"
3372,astros,100.623816994516,49.12954574884829,outfield_inner,Minute Maid Park,"Houston, TX"
3373,astros,104.813056538446,45.65117774835871,outfield_inner,Minute Maid Park,"Houston, TX"
3374,astros,108.991838132673,42.160316828689496,outfield_inner,Minute Maid Park,"Houston, TX"
3375,astros,113.153035068713,38.6484495244271,outfield_inner,Minute Maid Park,"Houston, TX"
3376,astros,117.42039793757,35.2887121947308,outfield_inner,Minute Maid Park,"Houston, TX"
3377,astros,122.25387329745,33.0963101041196,outfield_inner,Minute Maid Park,"Houston, TX"
3378,astros,127.661213228797,33.7361903820813,outfield_inner,Minute Maid Park,"Houston, TX"
3379,astros,131.618307332537,30.8216752964967,outfield_inner,Minute Maid Park,"Houston, TX"
3380,astros,135.171911996122,26.9683680269838,outfield_inner,Minute Maid Park,"Houston, TX"
3381,astros,140.643385130912,28.3118400158287,outfield_inner,Minute Maid Park,"Houston, TX"
3382,astros,145.92160837956,30.5920931964144,outfield_inner,Minute Maid Park,"Houston, TX"
3383,astros,149.972284837556,33.5809463348348,outfield_inner,Minute Maid Park,"Houston, TX"
3384,astros,152.51014487112,38.26862053198779,outfield_inner,Minute Maid Park,"Houston, TX"
3385,astros,155.65413372678802,42.6753853036979,outfield_inner,Minute Maid Park,"Houston, TX"
3386,astros,159.162569391369,46.8394759716293,outfield_inner,Minute Maid Park,"Houston, TX"
3387,astros,162.67100505595,51.0035666395608,outfield_inner,Minute Maid Park,"Houston, TX"
3388,astros,166.179440720531,55.1676573074922,outfield_inner,Minute Maid Park,"Houston, TX"
3389,astros,169.687876385112,59.331747975423696,outfield_inner,Minute Maid Park,"Houston, TX"
3390,astros,173.196312049692,63.495838643355206,outfield_inner,Minute Maid Park,"Houston, TX"
3391,astros,176.77501893566298,67.4587499438757,outfield_inner,Minute Maid Park,"Houston, TX"
3392,astros,181.35693914256305,68.5543737583015,outfield_inner,Minute Maid Park,"Houston, TX"
3393,astros,184.871121052496,72.7136161661391,outfield_inner,Minute Maid Park,"Houston, TX"
3394,astros,188.385302962429,76.8728585739768,outfield_inner,Minute Maid Park,"Houston, TX"
3395,astros,191.899484872362,81.0321009818145,outfield_inner,Minute Maid Park,"Houston, TX"
3396,astros,195.413666782295,85.1913433896522,outfield_inner,Minute Maid Park,"Houston, TX"
3397,astros,198.92784869222805,89.35058579748991,outfield_inner,Minute Maid Park,"Houston, TX"
3398,astros,202.442030602161,93.5098282053276,outfield_inner,Minute Maid Park,"Houston, TX"
3399,astros,205.956212512094,97.6690706131653,outfield_inner,Minute Maid Park,"Houston, TX"
3400,astros,209.47039442202703,101.828313021003,outfield_inner,Minute Maid Park,"Houston, TX"
3401,astros,212.984576331961,105.987555428841,outfield_inner,Minute Maid Park,"Houston, TX"
3402,astros,210.926983349364,109.913016650636,outfield_inner,Minute Maid Park,"Houston, TX"
3403,astros,207.076738428372,113.763261571628,outfield_inner,Minute Maid Park,"Houston, TX"
3404,astros,203.226493507379,117.613506492621,outfield_inner,Minute Maid Park,"Houston, TX"
3405,astros,199.376248586387,121.463751413613,outfield_inner,Minute Maid Park,"Houston, TX"
3406,astros,196.82521292813095,124.23510434169,outfield_inner,Minute Maid Park,"Houston, TX"
3407,astros,196.510912109712,127.239120650612,outfield_inner,Minute Maid Park,"Houston, TX"
3408,astros,195.53050122989495,132.673966770829,outfield_inner,Minute Maid Park,"Houston, TX"
3409,astros,193.548190404116,139.231018516138,outfield_inner,Minute Maid Park,"Houston, TX"
3410,astros,190.22818974781,145.601651700333,outfield_inner,Minute Maid Park,"Houston, TX"
3411,astros,187.280307388681,149.042729496146,outfield_inner,Minute Maid Park,"Houston, TX"
3412,astros,185.074007285163,151.639644082332,outfield_inner,Minute Maid Park,"Houston, TX"
3413,astros,181.979511999178,155.45126664536002,outfield_inner,Minute Maid Park,"Houston, TX"
3414,astros,178.186016685623,160.224912012045,outfield_inner,Minute Maid Park,"Houston, TX"
3415,astros,173.88271649939605,165.707895009201,outfield_inner,Minute Maid Park,"Houston, TX"
3416,astros,169.258806595395,171.64753046364402,outfield_inner,Minute Maid Park,"Houston, TX"
3417,astros,164.503482128516,177.791133202187,outfield_inner,Minute Maid Park,"Houston, TX"
3418,astros,159.805938253658,183.886018051646,outfield_inner,Minute Maid Park,"Houston, TX"
3419,astros,155.355370125719,189.679499838836,outfield_inner,Minute Maid Park,"Houston, TX"
3420,astros,151.340972899595,194.918893390571,outfield_inner,Minute Maid Park,"Houston, TX"
3421,astros,147.951941730184,199.351513533665,outfield_inner,Minute Maid Park,"Houston, TX"
3422,astros,145.37747177238398,202.724675094934,outfield_inner,Minute Maid Park,"Houston, TX"
3423,astros,143.80675818109302,204.78569290119304,outfield_inner,Minute Maid Park,"Houston, TX"
3424,astros,143.345790162716,205.40666610414905,outfield_inner,Minute Maid Park,"Houston, TX"
3425,astros,141.64016104932,207.787631588387,outfield_inner,Minute Maid Park,"Houston, TX"
3426,astros,137.80371002036,211.953883102228,outfield_inner,Minute Maid Park,"Houston, TX"
3427,astros,132.191851521899,215.91235959099205,outfield_inner,Minute Maid Park,"Houston, TX"
3428,astros,125.16,217.67,outfield_inner,Minute Maid Park,"Houston, TX"
5629,marlins,223.54,105.57,outfield_outer,Marlins Park,"Miami, FL"
5630,marlins,219.920495534053,100.97037593292102,outfield_outer,Marlins Park,"Miami, FL"
5631,marlins,216.3719636108,96.3156471666227,outfield_outer,Marlins Park,"Miami, FL"
5632,marlins,212.774216216639,91.69893785559152,outfield_outer,Marlins Park,"Miami, FL"
5633,marlins,209.162115947028,87.09350829393841,outfield_outer,Marlins Park,"Miami, FL"
5634,marlins,205.52095769859295,82.5110250542526,outfield_outer,Marlins Park,"Miami, FL"
5635,marlins,201.90617525646,77.9075602375081,outfield_outer,Marlins Park,"Miami, FL"
5636,marlins,198.32836215353,73.27549654071049,outfield_outer,Marlins Park,"Miami, FL"
5637,marlins,194.74081019705503,68.6507617057129,outfield_outer,Marlins Park,"Miami, FL"
5638,marlins,191.141608902286,64.0350794645383,outfield_outer,Marlins Park,"Miami, FL"
5639,marlins,187.53211337934505,59.4274583578026,outfield_outer,Marlins Park,"Miami, FL"
5640,marlins,183.746150346796,54.990405717834605,outfield_outer,Marlins Park,"Miami, FL"
5641,marlins,179.368388349356,51.10536418445479,outfield_outer,Marlins Park,"Miami, FL"
5642,marlins,174.818027257692,47.4475421756004,outfield_outer,Marlins Park,"Miami, FL"
5643,marlins,169.73723458804702,44.5431819673179,outfield_outer,Marlins Park,"Miami, FL"
5644,marlins,164.562230879106,41.80906888374,outfield_outer,Marlins Park,"Miami, FL"
5645,marlins,159.33104869211002,39.1880970810183,outfield_outer,Marlins Park,"Miami, FL"
5646,marlins,153.939277271083,36.911061419131606,outfield_outer,Marlins Park,"Miami, FL"
5647,marlins,148.40620149575,35.0468087695938,outfield_outer,Marlins Park,"Miami, FL"
5648,marlins,142.776518682423,33.4467901624818,outfield_outer,Marlins Park,"Miami, FL"
5649,marlins,137.051471186566,32.2362942373131,outfield_outer,Marlins Park,"Miami, FL"
5650,marlins,131.294486413289,31.184081068881603,outfield_outer,Marlins Park,"Miami, FL"
5651,marlins,125.484426902371,30.475731228284506,outfield_outer,Marlins Park,"Miami, FL"
5652,marlins,119.659588349441,29.917271184460898,outfield_outer,Marlins Park,"Miami, FL"
5653,marlins,113.814418860592,29.643027820795897,outfield_outer,Marlins Park,"Miami, FL"
5654,marlins,107.964778309962,29.814271226177603,outfield_outer,Marlins Park,"Miami, FL"
5655,marlins,104.040039560238,33.7678218532713,outfield_outer,Marlins Park,"Miami, FL"
5656,marlins,100.529152061006,38.37332037532271,outfield_outer,Marlins Park,"Miami, FL"
5657,marlins,95.8706246848758,41.9008373202007,outfield_outer,Marlins Park,"Miami, FL"
5658,marlins,90.59819918583852,44.4006164219163,outfield_outer,Marlins Park,"Miami, FL"
5659,marlins,85.08058811399,46.342970082275706,outfield_outer,Marlins Park,"Miami, FL"
5660,marlins,79.7378851603696,48.723730780274494,outfield_outer,Marlins Park,"Miami, FL"
5661,marlins,75.38509262260399,52.5053109360322,outfield_outer,Marlins Park,"Miami, FL"
5662,marlins,70.5689749514588,55.8313395998294,outfield_outer,Marlins Park,"Miami, FL"
5663,marlins,65.7814972271627,59.198530297416106,outfield_outer,Marlins Park,"Miami, FL"
5664,marlins,61.1236127604936,62.7374404795868,outfield_outer,Marlins Park,"Miami, FL"
5665,marlins,56.6160923433912,66.4711686205809,outfield_outer,Marlins Park,"Miami, FL"
5666,marlins,52.109832265932205,70.2056031722902,outfield_outer,Marlins Park,"Miami, FL"
5667,marlins,47.93105594210999,74.3001677259042,outfield_outer,Marlins Park,"Miami, FL"
5668,marlins,43.7854663803926,78.4316785064227,outfield_outer,Marlins Park,"Miami, FL"
5669,marlins,40.126195847070896,82.99902935009099,outfield_outer,Marlins Park,"Miami, FL"
5670,marlins,36.4718163145475,87.57087781835881,outfield_outer,Marlins Park,"Miami, FL"
5671,marlins,32.9406394449213,92.2316416774309,outfield_outer,Marlins Park,"Miami, FL"
5672,marlins,29.8417730909604,97.1966169557629,outfield_outer,Marlins Park,"Miami, FL"
5673,marlins,26.788989974858303,102.190412833679,outfield_outer,Marlins Park,"Miami, FL"
5674,marlins,24.303075182713,107.456473645979,outfield_outer,Marlins Park,"Miami, FL"
5675,marlins,27.3932308670332,112.136293317442,outfield_outer,Marlins Park,"Miami, FL"
5676,marlins,31.016033813783803,116.733490504826,outfield_outer,Marlins Park,"Miami, FL"
5677,marlins,34.6388367605344,121.33068769221,outfield_outer,Marlins Park,"Miami, FL"
5678,marlins,38.261639707285,125.927884879594,outfield_outer,Marlins Park,"Miami, FL"
5679,marlins,41.8844426540355,130.525082066979,outfield_outer,Marlins Park,"Miami, FL"
5680,marlins,45.507245600786106,135.122279254363,outfield_outer,Marlins Park,"Miami, FL"
5681,marlins,49.13004854753671,139.719476441747,outfield_outer,Marlins Park,"Miami, FL"
5682,marlins,52.7528514942873,144.316673629131,outfield_outer,Marlins Park,"Miami, FL"
5683,marlins,56.3756544410379,148.913870816515,outfield_outer,Marlins Park,"Miami, FL"
5684,marlins,59.9984573877884,153.511068003899,outfield_outer,Marlins Park,"Miami, FL"
5685,marlins,63.621260334539,158.108265191283,outfield_outer,Marlins Park,"Miami, FL"
5686,marlins,67.24406328128961,162.705462378667,outfield_outer,Marlins Park,"Miami, FL"
5687,marlins,70.8668662280401,167.302659566051,outfield_outer,Marlins Park,"Miami, FL"
5688,marlins,74.4896691747907,171.899856753435,outfield_outer,Marlins Park,"Miami, FL"
5689,marlins,78.1124721215413,176.49705394081903,outfield_outer,Marlins Park,"Miami, FL"
5690,marlins,81.7352750682919,181.094251128203,outfield_outer,Marlins Park,"Miami, FL"
5691,marlins,85.35807801504241,185.691448315587,outfield_outer,Marlins Park,"Miami, FL"
5692,marlins,88.980880961793,190.288645502971,outfield_outer,Marlins Park,"Miami, FL"
5693,marlins,92.6036839085436,194.885842690355,outfield_outer,Marlins Park,"Miami, FL"
5694,marlins,96.2264868552942,199.483039877739,outfield_outer,Marlins Park,"Miami, FL"
5695,marlins,99.8492898020448,204.080237065123,outfield_outer,Marlins Park,"Miami, FL"
5696,marlins,103.472092748795,208.67743425250703,outfield_outer,Marlins Park,"Miami, FL"
5697,marlins,107.094895695546,213.274631439891,outfield_outer,Marlins Park,"Miami, FL"
5698,marlins,113.410821444139,220.003798059222,outfield_outer,Marlins Park,"Miami, FL"
5699,marlins,120.772691548627,224.120396488082,outfield_outer,Marlins Park,"Miami, FL"
5700,marlins,127.450144000008,224.706305691407,outfield_outer,Marlins Park,"Miami, FL"
5701,marlins,133.215880540397,222.916478590594,outfield_outer,Marlins Park,"Miami, FL"
5702,marlins,137.84260291191,219.905868107042,outfield_outer,Marlins Park,"Miami, FL"
5703,marlins,141.103012856661,216.82942716214905,outfield_outer,Marlins Park,"Miami, FL"
5704,marlins,142.769812116766,214.842108677312,outfield_outer,Marlins Park,"Miami, FL"
5705,marlins,145.018552541833,211.962301980349,outfield_outer,Marlins Park,"Miami, FL"
5706,marlins,148.63281568555402,207.358387874002,outfield_outer,Marlins Park,"Miami, FL"
5707,marlins,152.24707882927402,202.75447376765496,outfield_outer,Marlins Park,"Miami, FL"
5708,marlins,155.861341972995,198.150559661308,outfield_outer,Marlins Park,"Miami, FL"
5709,marlins,159.475605116716,193.546645554962,outfield_outer,Marlins Park,"Miami, FL"
5710,marlins,163.089868260436,188.942731448615,outfield_outer,Marlins Park,"Miami, FL"
5711,marlins,166.704131404157,184.338817342268,outfield_outer,Marlins Park,"Miami, FL"
5712,marlins,170.318394547878,179.734903235921,outfield_outer,Marlins Park,"Miami, FL"
5713,marlins,173.93265769159802,175.130989129575,outfield_outer,Marlins Park,"Miami, FL"
5714,marlins,177.546920835319,170.527075023228,outfield_outer,Marlins Park,"Miami, FL"
5715,marlins,181.16118397904,165.92316091688102,outfield_outer,Marlins Park,"Miami, FL"
5716,marlins,184.775447122761,161.319246810535,outfield_outer,Marlins Park,"Miami, FL"
5717,marlins,188.38971026648105,156.715332704188,outfield_outer,Marlins Park,"Miami, FL"
5718,marlins,192.003973410202,152.111418597841,outfield_outer,Marlins Park,"Miami, FL"
5719,marlins,195.618236553923,147.50750449149402,outfield_outer,Marlins Park,"Miami, FL"
5720,marlins,199.23249969764305,142.903590385148,outfield_outer,Marlins Park,"Miami, FL"
5721,marlins,202.846762841364,138.299676278801,outfield_outer,Marlins Park,"Miami, FL"
5722,marlins,206.461025985085,133.69576217245398,outfield_outer,Marlins Park,"Miami, FL"
5723,marlins,210.075289128805,129.09184806610702,outfield_outer,Marlins Park,"Miami, FL"
5724,marlins,213.689552272526,124.487933959761,outfield_outer,Marlins Park,"Miami, FL"
5725,marlins,217.30381541624695,119.884019853414,outfield_outer,Marlins Park,"Miami, FL"
5726,marlins,220.918078559967,115.280105747067,outfield_outer,Marlins Park,"Miami, FL"
5727,marlins,224.532341703688,110.67619164072,outfield_outer,Marlins Park,"Miami, FL"
5728,marlins,223.54,105.57,outfield_outer,Marlins Park,"Miami, FL"
5729,marlins,30.08,108.11,outfield_inner,Marlins Park,"Miami, FL"
5730,marlins,30.6063558477938,107.345607693938,outfield_inner,Marlins Park,"Miami, FL"
5731,marlins,32.1080023831345,105.213494952015,outfield_inner,Marlins Park,"Miami, FL"
5732,marlins,34.4688080939615,101.955258038627,outfield_inner,Marlins Park,"Miami, FL"
5733,marlins,37.5726414682137,97.8124932181693,outfield_inner,Marlins Park,"Miami, FL"
5734,marlins,41.3033709938304,93.0267967550365,outfield_inner,Marlins Park,"Miami, FL"
5735,marlins,45.5448651587508,87.8397649136241,outfield_inner,Marlins Park,"Miami, FL"
5736,marlins,50.1809924509139,82.4929939583274,outfield_inner,Marlins Park,"Miami, FL"
5737,marlins,55.09562135825911,77.2280801535417,outfield_inner,Marlins Park,"Miami, FL"
5738,marlins,60.1726203687253,72.2866197636622,outfield_inner,Marlins Park,"Miami, FL"
5739,marlins,65.2958579702518,67.9102090530842,outfield_inner,Marlins Park,"Miami, FL"
5740,marlins,70.46398879345779,64.2643791097491,outfield_inner,Marlins Park,"Miami, FL"
5741,marlins,76.3738169237969,60.7321412869925,outfield_inner,Marlins Park,"Miami, FL"
5742,marlins,81.9992259572457,57.6651163166426,outfield_inner,Marlins Park,"Miami, FL"
5743,marlins,87.2998403787997,54.919544151435005,outfield_inner,Marlins Park,"Miami, FL"
5744,marlins,92.2352846734545,52.351664744104994,outfield_inner,Marlins Park,"Miami, FL"
5745,marlins,96.7651833262056,49.8177180473884,outfield_inner,Marlins Park,"Miami, FL"
5746,marlins,100.849160822048,47.1739440140205,outfield_inner,Marlins Park,"Miami, FL"
5747,marlins,104.446841645978,44.2765825967369,outfield_inner,Marlins Park,"Miami, FL"
5748,marlins,107.517850282991,40.9818737482731,outfield_inner,Marlins Park,"Miami, FL"
5749,marlins,109.740455549968,37.6777589354453,outfield_inner,Marlins Park,"Miami, FL"
5750,marlins,110.500725105743,37.53837578082271,outfield_inner,Marlins Park,"Miami, FL"
5751,marlins,112.396637798597,37.2759642730609,outfield_inner,Marlins Park,"Miami, FL"
5752,marlins,115.332957637575,37.021730160952,outfield_inner,Marlins Park,"Miami, FL"
5753,marlins,119.214448631722,36.9068791932883,outfield_inner,Marlins Park,"Miami, FL"
5754,marlins,123.945874790082,37.0626171188621,outfield_inner,Marlins Park,"Miami, FL"
5755,marlins,129.43200012169902,37.6201496864656,outfield_inner,Marlins Park,"Miami, FL"
5756,marlins,135.577588635616,38.710682644891,outfield_inner,Marlins Park,"Miami, FL"
5757,marlins,142.28740434088002,40.4654217429306,outfield_inner,Marlins Park,"Miami, FL"
5758,marlins,149.466211246533,43.0155727293766,outfield_inner,Marlins Park,"Miami, FL"
5759,marlins,157.01877336162,46.492341353021295,outfield_inner,Marlins Park,"Miami, FL"
5760,marlins,164.849854695186,51.0269333626569,outfield_inner,Marlins Park,"Miami, FL"
5761,marlins,171.837203909392,56.48411191697289,outfield_inner,Marlins Park,"Miami, FL"
5762,marlins,177.34166564477297,62.0253157495621,outfield_inner,Marlins Park,"Miami, FL"
5763,marlins,182.737020595216,67.6339422835497,outfield_inner,Marlins Park,"Miami, FL"
5764,marlins,187.96843898531105,73.2246355302363,outfield_inner,Marlins Park,"Miami, FL"
5765,marlins,192.98109103964904,78.7120395009227,outfield_inner,Marlins Park,"Miami, FL"
5766,marlins,197.720146982821,84.0107982069098,outfield_inner,Marlins Park,"Miami, FL"
5767,marlins,202.130777039418,89.0355556594982,outfield_inner,Marlins Park,"Miami, FL"
5768,marlins,206.15815143403,93.7009558699887,outfield_inner,Marlins Park,"Miami, FL"
5769,marlins,209.747440391248,97.9216428496821,outfield_inner,Marlins Park,"Miami, FL"
5770,marlins,212.843814135662,101.612260609879,outfield_inner,Marlins Park,"Miami, FL"
5771,marlins,215.392442891864,104.68745316188,outfield_inner,Marlins Park,"Miami, FL"
5772,marlins,217.338496884444,107.061864516987,outfield_inner,Marlins Park,"Miami, FL"
5773,marlins,218.62714633799305,108.650138686499,outfield_inner,Marlins Park,"Miami, FL"
5774,marlins,219.20356147710095,109.366919681718,outfield_inner,Marlins Park,"Miami, FL"
5775,marlins,216.717204643593,112.530791430141,outfield_inner,Marlins Park,"Miami, FL"
5776,marlins,213.317233910807,116.766949860549,outfield_inner,Marlins Park,"Miami, FL"
5777,marlins,209.91726317802105,121.003108290958,outfield_inner,Marlins Park,"Miami, FL"
5778,marlins,206.51729244523497,125.239266721366,outfield_inner,Marlins Park,"Miami, FL"
5779,marlins,203.11732171244896,129.475425151775,outfield_inner,Marlins Park,"Miami, FL"
5780,marlins,199.717350979663,133.71158358218398,outfield_inner,Marlins Park,"Miami, FL"
5781,marlins,196.31738024687695,137.947742012592,outfield_inner,Marlins Park,"Miami, FL"
5782,marlins,192.91740951409,142.183900443001,outfield_inner,Marlins Park,"Miami, FL"
5783,marlins,189.517438781304,146.42005887341003,outfield_inner,Marlins Park,"Miami, FL"
5784,marlins,186.117468048518,150.656217303818,outfield_inner,Marlins Park,"Miami, FL"
5785,marlins,182.717497315732,154.89237573422702,outfield_inner,Marlins Park,"Miami, FL"
5786,marlins,179.31752658294602,159.128534164636,outfield_inner,Marlins Park,"Miami, FL"
5787,marlins,175.91755585016003,163.364692595044,outfield_inner,Marlins Park,"Miami, FL"
5788,marlins,172.517585117374,167.60085102545298,outfield_inner,Marlins Park,"Miami, FL"
5789,marlins,169.117614384588,171.83700945586102,outfield_inner,Marlins Park,"Miami, FL"
5790,marlins,165.717643651802,176.07316788627,outfield_inner,Marlins Park,"Miami, FL"
5791,marlins,162.317672919016,180.309326316679,outfield_inner,Marlins Park,"Miami, FL"
5792,marlins,158.91770218623,184.545484747087,outfield_inner,Marlins Park,"Miami, FL"
5793,marlins,155.517731453444,188.781643177496,outfield_inner,Marlins Park,"Miami, FL"
5794,marlins,152.117760720658,193.017801607905,outfield_inner,Marlins Park,"Miami, FL"
5795,marlins,148.717789987872,197.25396003831295,outfield_inner,Marlins Park,"Miami, FL"
5796,marlins,145.317819255085,201.490118468722,outfield_inner,Marlins Park,"Miami, FL"
5797,marlins,141.917848522299,205.72627689913003,outfield_inner,Marlins Park,"Miami, FL"
5798,marlins,138.517877789513,209.962435329539,outfield_inner,Marlins Park,"Miami, FL"
5799,marlins,136.859933076485,212.05871838305697,outfield_inner,Marlins Park,"Miami, FL"
5800,marlins,134.444430666723,214.582018023872,outfield_inner,Marlins Park,"Miami, FL"
5801,marlins,130.340259827904,217.300078904386,outfield_inner,Marlins Park,"Miami, FL"
5802,marlins,124.936867180478,218.29812180739103,outfield_inner,Marlins Park,"Miami, FL"
5803,marlins,118.623699344895,215.661367515676,outfield_inner,Marlins Park,"Miami, FL"
5804,marlins,112.617965514472,209.01724278254,outfield_inner,Marlins Park,"Miami, FL"
5805,marlins,109.178883618036,204.812774333267,outfield_inner,Marlins Park,"Miami, FL"
5806,marlins,105.739801721599,200.60830588399503,outfield_inner,Marlins Park,"Miami, FL"
5807,marlins,102.300719825163,196.403837434722,outfield_inner,Marlins Park,"Miami, FL"
5808,marlins,98.8616379287266,192.19936898545,outfield_inner,Marlins Park,"Miami, FL"
5809,marlins,95.42255603229022,187.994900536177,outfield_inner,Marlins Park,"Miami, FL"
5810,marlins,91.9834741358539,183.79043208690496,outfield_inner,Marlins Park,"Miami, FL"
5811,marlins,88.54439223941749,179.58596363763198,outfield_inner,Marlins Park,"Miami, FL"
5812,marlins,85.1053103429812,175.38149518836002,outfield_inner,Marlins Park,"Miami, FL"
5813,marlins,81.6662284465449,171.177026739087,outfield_inner,Marlins Park,"Miami, FL"
5814,marlins,78.2271465501085,166.972558289815,outfield_inner,Marlins Park,"Miami, FL"
5815,marlins,74.7880646536722,162.768089840542,outfield_inner,Marlins Park,"Miami, FL"
5816,marlins,71.3489827572359,158.56362139126998,outfield_inner,Marlins Park,"Miami, FL"
5817,marlins,67.9099008607996,154.359152941997,outfield_inner,Marlins Park,"Miami, FL"
5818,marlins,64.4708189643632,150.15468449272498,outfield_inner,Marlins Park,"Miami, FL"
5819,marlins,61.031737067926905,145.950216043452,outfield_inner,Marlins Park,"Miami, FL"
5820,marlins,57.592655171490605,141.74574759418002,outfield_inner,Marlins Park,"Miami, FL"
5821,marlins,54.15357327505421,137.541279144907,outfield_inner,Marlins Park,"Miami, FL"
5822,marlins,50.7144913786179,133.336810695635,outfield_inner,Marlins Park,"Miami, FL"
5823,marlins,47.2754094821815,129.132342246362,outfield_inner,Marlins Park,"Miami, FL"
5824,marlins,43.8363275857452,124.92787379709,outfield_inner,Marlins Park,"Miami, FL"
5825,marlins,40.397245689308896,120.723405347817,outfield_inner,Marlins Park,"Miami, FL"
5826,marlins,36.95816379287261,116.518936898545,outfield_inner,Marlins Park,"Miami, FL"
5827,marlins,33.5190818964362,112.314468449272,outfield_inner,Marlins Park,"Miami, FL"
5828,marlins,30.08,108.11,outfield_inner,Marlins Park,"Miami, FL"
9129,astros,221.81,106.98,foul_lines,Minute Maid Park,"Houston, TX"
9130,astros,219.893763594296,108.893460113696,foul_lines,Minute Maid Park,"Houston, TX"
9131,astros,217.977527188591,110.806920227392,foul_lines,Minute Maid Park,"Houston, TX"
9132,astros,216.061290782887,112.720380341087,foul_lines,Minute Maid Park,"Houston, TX"
9133,astros,214.145054377182,114.633840454783,foul_lines,Minute Maid Park,"Houston, TX"
9134,astros,212.228817971478,116.547300568479,foul_lines,Minute Maid Park,"Houston, TX"
9135,astros,210.312581565773,118.460760682175,foul_lines,Minute Maid Park,"Houston, TX"
9136,astros,208.39634516006905,120.374220795871,foul_lines,Minute Maid Park,"Houston, TX"
9137,astros,206.480108754364,122.287680909566,foul_lines,Minute Maid Park,"Houston, TX"
9138,astros,204.56387234866,124.201141023262,foul_lines,Minute Maid Park,"Houston, TX"
9139,astros,202.64763594295505,126.114601136958,foul_lines,Minute Maid Park,"Houston, TX"
9140,astros,200.731399537251,128.028061250654,foul_lines,Minute Maid Park,"Houston, TX"
9141,astros,198.815163131546,129.94152136435,foul_lines,Minute Maid Park,"Houston, TX"
9142,astros,196.898926725842,131.854981478046,foul_lines,Minute Maid Park,"Houston, TX"
9143,astros,194.98269032013695,133.768441591741,foul_lines,Minute Maid Park,"Houston, TX"
9144,astros,193.06645391443297,135.681901705437,foul_lines,Minute Maid Park,"Houston, TX"
9145,astros,191.150217508728,137.595361819133,foul_lines,Minute Maid Park,"Houston, TX"
9146,astros,189.233981103024,139.508821932829,foul_lines,Minute Maid Park,"Houston, TX"
9147,astros,187.317744697319,141.422282046525,foul_lines,Minute Maid Park,"Houston, TX"
9148,astros,185.401508291615,143.33574216022,foul_lines,Minute Maid Park,"Houston, TX"
9149,astros,183.48527188591,145.24920227391598,foul_lines,Minute Maid Park,"Houston, TX"
9150,astros,181.569035480206,147.162662387612,foul_lines,Minute Maid Park,"Houston, TX"
9151,astros,179.652799074501,149.076122501308,foul_lines,Minute Maid Park,"Houston, TX"
9152,astros,177.736562668797,150.989582615004,foul_lines,Minute Maid Park,"Houston, TX"
9153,astros,175.820326263092,152.903042728699,foul_lines,Minute Maid Park,"Houston, TX"
9154,astros,173.904089857388,154.816502842395,foul_lines,Minute Maid Park,"Houston, TX"
9155,astros,171.987853451683,156.729962956091,foul_lines,Minute Maid Park,"Houston, TX"
9156,astros,170.071617045979,158.64342306978702,foul_lines,Minute Maid Park,"Houston, TX"
9157,astros,168.155380640274,160.55688318348302,foul_lines,Minute Maid Park,"Houston, TX"
9158,astros,166.23914423456998,162.470343297178,foul_lines,Minute Maid Park,"Houston, TX"
9159,astros,164.322907828865,164.383803410874,foul_lines,Minute Maid Park,"Houston, TX"
9160,astros,162.406671423161,166.29726352456998,foul_lines,Minute Maid Park,"Houston, TX"
9161,astros,160.490435017456,168.210723638266,foul_lines,Minute Maid Park,"Houston, TX"
9162,astros,158.574198611752,170.124183751962,foul_lines,Minute Maid Park,"Houston, TX"
9163,astros,156.657962206047,172.037643865658,foul_lines,Minute Maid Park,"Houston, TX"
9164,astros,154.741725800343,173.95110397935298,foul_lines,Minute Maid Park,"Houston, TX"
9165,astros,152.825489394638,175.864564093049,foul_lines,Minute Maid Park,"Houston, TX"
9166,astros,150.909252988934,177.778024206745,foul_lines,Minute Maid Park,"Houston, TX"
9167,astros,148.993016583229,179.69148432044102,foul_lines,Minute Maid Park,"Houston, TX"
9168,astros,147.076780177525,181.604944434137,foul_lines,Minute Maid Park,"Houston, TX"
9169,astros,145.16054377182,183.518404547832,foul_lines,Minute Maid Park,"Houston, TX"
9170,astros,143.244307366116,185.431864661528,foul_lines,Minute Maid Park,"Houston, TX"
9171,astros,141.32807096041202,187.345324775224,foul_lines,Minute Maid Park,"Houston, TX"
9172,astros,139.411834554707,189.25878488892,foul_lines,Minute Maid Park,"Houston, TX"
9173,astros,137.495598149003,191.172245002616,foul_lines,Minute Maid Park,"Houston, TX"
9174,astros,135.579361743298,193.085705116311,foul_lines,Minute Maid Park,"Houston, TX"
9175,astros,133.66312533759398,194.999165230007,foul_lines,Minute Maid Park,"Houston, TX"
9176,astros,131.746888931889,196.912625343703,foul_lines,Minute Maid Park,"Houston, TX"
9177,astros,129.830652526185,198.826085457399,foul_lines,Minute Maid Park,"Houston, TX"
9178,astros,127.91441612048,200.73954557109505,foul_lines,Minute Maid Park,"Houston, TX"
9179,astros,125.998179714776,202.65300568479,foul_lines,Minute Maid Park,"Houston, TX"
9180,astros,124.082974437182,202.372502547489,foul_lines,Minute Maid Park,"Houston, TX"
9181,astros,122.168537469741,200.45724207775,foul_lines,Minute Maid Park,"Houston, TX"
9182,astros,120.254100502299,198.541981608011,foul_lines,Minute Maid Park,"Houston, TX"
9183,astros,118.339663534858,196.626721138271,foul_lines,Minute Maid Park,"Houston, TX"
9184,astros,116.425226567417,194.711460668532,foul_lines,Minute Maid Park,"Houston, TX"
9185,astros,114.510789599975,192.796200198792,foul_lines,Minute Maid Park,"Houston, TX"
9186,astros,112.596352632534,190.880939729053,foul_lines,Minute Maid Park,"Houston, TX"
9187,astros,110.681915665093,188.965679259314,foul_lines,Minute Maid Park,"Houston, TX"
9188,astros,108.767478697652,187.050418789574,foul_lines,Minute Maid Park,"Houston, TX"
9189,astros,106.85304173021,185.13515831983503,foul_lines,Minute Maid Park,"Houston, TX"
9190,astros,104.938604762769,183.219897850096,foul_lines,Minute Maid Park,"Houston, TX"
9191,astros,103.024167795328,181.304637380356,foul_lines,Minute Maid Park,"Houston, TX"
9192,astros,101.109730827886,179.389376910617,foul_lines,Minute Maid Park,"Houston, TX"
9193,astros,99.1952938604451,177.474116440878,foul_lines,Minute Maid Park,"Houston, TX"
9194,astros,97.2808568930038,175.558855971138,foul_lines,Minute Maid Park,"Houston, TX"
9195,astros,95.3664199255625,173.643595501399,foul_lines,Minute Maid Park,"Houston, TX"
9196,astros,93.4519829581213,171.72833503166,foul_lines,Minute Maid Park,"Houston, TX"
9197,astros,91.53754599068,169.81307456192,foul_lines,Minute Maid Park,"Houston, TX"
9198,astros,89.6231090232387,167.897814092181,foul_lines,Minute Maid Park,"Houston, TX"
9199,astros,87.70867205579741,165.982553622441,foul_lines,Minute Maid Park,"Houston, TX"
9200,astros,85.79423508835609,164.067293152702,foul_lines,Minute Maid Park,"Houston, TX"
9201,astros,83.8797981209148,162.152032682963,foul_lines,Minute Maid Park,"Houston, TX"
9202,astros,81.9653611534735,160.236772213223,foul_lines,Minute Maid Park,"Houston, TX"
9203,astros,80.0509241860322,158.321511743484,foul_lines,Minute Maid Park,"Houston, TX"
9204,astros,78.13648721859091,156.406251273745,foul_lines,Minute Maid Park,"Houston, TX"
9205,astros,76.2220502511497,154.49099080400498,foul_lines,Minute Maid Park,"Houston, TX"
9206,astros,74.3076132837084,152.57573033426598,foul_lines,Minute Maid Park,"Houston, TX"
9207,astros,72.39317631626709,150.660469864527,foul_lines,Minute Maid Park,"Houston, TX"
9208,astros,70.4787393488258,148.745209394787,foul_lines,Minute Maid Park,"Houston, TX"
9209,astros,68.5643023813845,146.829948925048,foul_lines,Minute Maid Park,"Houston, TX"
9210,astros,66.6498654139432,144.914688455308,foul_lines,Minute Maid Park,"Houston, TX"
9211,astros,64.7354284465019,142.999427985569,foul_lines,Minute Maid Park,"Houston, TX"
9212,astros,62.8209914790606,141.08416751583,foul_lines,Minute Maid Park,"Houston, TX"
9213,astros,60.9065545116193,139.16890704609,foul_lines,Minute Maid Park,"Houston, TX"
9214,astros,58.992117544178,137.253646576351,foul_lines,Minute Maid Park,"Houston, TX"
9215,astros,57.0776805767368,135.338386106612,foul_lines,Minute Maid Park,"Houston, TX"
9216,astros,55.1632436092954,133.42312563687202,foul_lines,Minute Maid Park,"Houston, TX"
9217,astros,53.2488066418542,131.50786516713302,foul_lines,Minute Maid Park,"Houston, TX"
9218,astros,51.3343696744129,129.592604697394,foul_lines,Minute Maid Park,"Houston, TX"
9219,astros,49.4199327069716,127.677344227654,foul_lines,Minute Maid Park,"Houston, TX"
9220,astros,47.505495739530296,125.762083757915,foul_lines,Minute Maid Park,"Houston, TX"
9221,astros,45.591058772089006,123.846823288176,foul_lines,Minute Maid Park,"Houston, TX"
9222,astros,43.6766218046477,121.931562818436,foul_lines,Minute Maid Park,"Houston, TX"
9223,astros,41.7621848372064,120.016302348697,foul_lines,Minute Maid Park,"Houston, TX"
9224,astros,39.8477478697651,118.101041878957,foul_lines,Minute Maid Park,"Houston, TX"
9225,astros,37.933310902323896,116.185781409218,foul_lines,Minute Maid Park,"Houston, TX"
9226,astros,36.0188739348825,114.270520939479,foul_lines,Minute Maid Park,"Houston, TX"
9227,astros,34.1044369674413,112.355260469739,foul_lines,Minute Maid Park,"Houston, TX"
9228,astros,32.19,110.44,foul_lines,Minute Maid Park,"Houston, TX"
10329,marlins,125.18,204.53,foul_lines,Marlins Park,"Miami, FL"
10330,marlins,121.166687769043,200.515284622122,foul_lines,Marlins Park,"Miami, FL"
10331,marlins,117.153482274564,196.50046252925705,foul_lines,Marlins Park,"Miami, FL"
10332,marlins,113.140276780085,192.485640436392,foul_lines,Marlins Park,"Miami, FL"
10333,marlins,109.127071285607,188.470818343526,foul_lines,Marlins Park,"Miami, FL"
10334,marlins,105.113865791128,184.455996250661,foul_lines,Marlins Park,"Miami, FL"
10335,marlins,101.100660296649,180.441174157796,foul_lines,Marlins Park,"Miami, FL"
10336,marlins,97.08745480217053,176.426352064931,foul_lines,Marlins Park,"Miami, FL"
10337,marlins,93.0742493076918,172.411529972065,foul_lines,Marlins Park,"Miami, FL"
10338,marlins,89.061043813213,168.3967078792,foul_lines,Marlins Park,"Miami, FL"
10339,marlins,85.04783831873429,164.381885786335,foul_lines,Marlins Park,"Miami, FL"
10340,marlins,81.0346328242556,160.36706369347,foul_lines,Marlins Park,"Miami, FL"
10341,marlins,77.02142732977691,156.352241600605,foul_lines,Marlins Park,"Miami, FL"
10342,marlins,73.0082218352982,152.337419507739,foul_lines,Marlins Park,"Miami, FL"
10343,marlins,68.99501634081939,148.322597414874,foul_lines,Marlins Park,"Miami, FL"
10344,marlins,64.98181084634071,144.30777532200898,foul_lines,Marlins Park,"Miami, FL"
10345,marlins,60.968605351862,140.292953229144,foul_lines,Marlins Park,"Miami, FL"
10346,marlins,56.9553998573833,136.278131136278,foul_lines,Marlins Park,"Miami, FL"
10347,marlins,52.94219436290461,132.263309043413,foul_lines,Marlins Park,"Miami, FL"
10348,marlins,48.9289888684258,128.248486950548,foul_lines,Marlins Park,"Miami, FL"
10349,marlins,44.91578337394711,124.233664857683,foul_lines,Marlins Park,"Miami, FL"
10350,marlins,40.9025778794684,120.218842764818,foul_lines,Marlins Park,"Miami, FL"
10351,marlins,36.889372384989706,116.204020671952,foul_lines,Marlins Park,"Miami, FL"
10352,marlins,32.876166890510994,112.189198579087,foul_lines,Marlins Park,"Miami, FL"
10353,marlins,28.8629613960322,108.174376486222,foul_lines,Marlins Park,"Miami, FL"
10354,marlins,25.6225662200288,104.008931490723,foul_lines,Marlins Park,"Miami, FL"
10355,marlins,29.4788095994112,106.670181470087,foul_lines,Marlins Park,"Miami, FL"
10356,marlins,33.4920134626105,110.685005193574,foul_lines,Marlins Park,"Miami, FL"
10357,marlins,37.5052173258098,114.699828917061,foul_lines,Marlins Park,"Miami, FL"
10358,marlins,41.518421189009,118.714652640548,foul_lines,Marlins Park,"Miami, FL"
10359,marlins,45.5316250522083,122.729476364036,foul_lines,Marlins Park,"Miami, FL"
10360,marlins,49.5448289154076,126.744300087523,foul_lines,Marlins Park,"Miami, FL"
10361,marlins,53.5580327786069,130.75912381101003,foul_lines,Marlins Park,"Miami, FL"
10362,marlins,57.5712366418062,134.77394753449698,foul_lines,Marlins Park,"Miami, FL"
10363,marlins,61.5844405050054,138.788771257984,foul_lines,Marlins Park,"Miami, FL"
10364,marlins,65.5976443682047,142.803594981471,foul_lines,Marlins Park,"Miami, FL"
10365,marlins,69.610848231404,146.818418704959,foul_lines,Marlins Park,"Miami, FL"
10366,marlins,73.6240520946033,150.833242428446,foul_lines,Marlins Park,"Miami, FL"
10367,marlins,77.6372559578026,154.848066151933,foul_lines,Marlins Park,"Miami, FL"
10368,marlins,81.6504598210018,158.86288987542,foul_lines,Marlins Park,"Miami, FL"
10369,marlins,85.6636636842011,162.877713598907,foul_lines,Marlins Park,"Miami, FL"
10370,marlins,89.67686754740039,166.89253732239402,foul_lines,Marlins Park,"Miami, FL"
10371,marlins,93.69007141059971,170.907361045881,foul_lines,Marlins Park,"Miami, FL"
10372,marlins,97.70327527379892,174.922184769369,foul_lines,Marlins Park,"Miami, FL"
10373,marlins,101.716479136998,178.937008492856,foul_lines,Marlins Park,"Miami, FL"
10374,marlins,105.729683000198,182.951832216343,foul_lines,Marlins Park,"Miami, FL"
10375,marlins,109.742886863397,186.96665593983,foul_lines,Marlins Park,"Miami, FL"
10376,marlins,113.756090726596,190.981479663317,foul_lines,Marlins Park,"Miami, FL"
10377,marlins,117.769294589795,194.996303386804,foul_lines,Marlins Park,"Miami, FL"
10378,marlins,121.782498452995,199.01112711029097,foul_lines,Marlins Park,"Miami, FL"
10379,marlins,125.796299221498,201.794646409468,foul_lines,Marlins Park,"Miami, FL"
10380,marlins,129.813393767919,197.783715571946,foul_lines,Marlins Park,"Miami, FL"
10381,marlins,133.83048831434,193.772784734424,foul_lines,Marlins Park,"Miami, FL"
10382,marlins,137.84758286076098,189.761853896902,foul_lines,Marlins Park,"Miami, FL"
10383,marlins,141.864677407182,185.750923059379,foul_lines,Marlins Park,"Miami, FL"
10384,marlins,145.881771953603,181.739992221857,foul_lines,Marlins Park,"Miami, FL"
10385,marlins,149.898866500025,177.72906138433498,foul_lines,Marlins Park,"Miami, FL"
10386,marlins,153.915961046446,173.718130546813,foul_lines,Marlins Park,"Miami, FL"
10387,marlins,157.933055592867,169.707199709291,foul_lines,Marlins Park,"Miami, FL"
10388,marlins,161.950150139288,165.696268871769,foul_lines,Marlins Park,"Miami, FL"
10389,marlins,165.967244685709,161.685338034246,foul_lines,Marlins Park,"Miami, FL"
10390,marlins,169.98433923213005,157.674407196724,foul_lines,Marlins Park,"Miami, FL"
10391,marlins,174.001433778551,153.663476359202,foul_lines,Marlins Park,"Miami, FL"
10392,marlins,178.018528324973,149.65254552168005,foul_lines,Marlins Park,"Miami, FL"
10393,marlins,182.035622871394,145.641614684158,foul_lines,Marlins Park,"Miami, FL"
10394,marlins,186.05271741781505,141.630683846636,foul_lines,Marlins Park,"Miami, FL"
10395,marlins,190.069811964236,137.619753009113,foul_lines,Marlins Park,"Miami, FL"
10396,marlins,194.086906510657,133.608822171591,foul_lines,Marlins Park,"Miami, FL"
10397,marlins,198.104001057078,129.597891334069,foul_lines,Marlins Park,"Miami, FL"
10398,marlins,202.121095603499,125.586960496547,foul_lines,Marlins Park,"Miami, FL"
10399,marlins,206.138190149921,121.576029659025,foul_lines,Marlins Park,"Miami, FL"
10400,marlins,210.155284696342,117.565098821503,foul_lines,Marlins Park,"Miami, FL"
10401,marlins,214.172379242763,113.55416798398,foul_lines,Marlins Park,"Miami, FL"
10402,marlins,218.189473789184,109.543237146458,foul_lines,Marlins Park,"Miami, FL"
10403,marlins,222.206568335605,105.532306308936,foul_lines,Marlins Park,"Miami, FL"
10404,marlins,221.589638993316,108.267028814483,foul_lines,Marlins Park,"Miami, FL"
10405,marlins,217.572570701928,112.277985947213,foul_lines,Marlins Park,"Miami, FL"
10406,marlins,213.55550241054,116.288943079943,foul_lines,Marlins Park,"Miami, FL"
10407,marlins,209.538434119151,120.299900212673,foul_lines,Marlins Park,"Miami, FL"
10408,marlins,205.521365827763,124.310857345403,foul_lines,Marlins Park,"Miami, FL"
10409,marlins,201.50429753637505,128.32181447813298,foul_lines,Marlins Park,"Miami, FL"
10410,marlins,197.487229244987,132.332771610862,foul_lines,Marlins Park,"Miami, FL"
10411,marlins,193.47016095359905,136.34372874359198,foul_lines,Marlins Park,"Miami, FL"
10412,marlins,189.453092662211,140.354685876322,foul_lines,Marlins Park,"Miami, FL"
10413,marlins,185.436024370822,144.36564300905198,foul_lines,Marlins Park,"Miami, FL"
10414,marlins,181.41895607943405,148.376600141782,foul_lines,Marlins Park,"Miami, FL"
10415,marlins,177.401887788046,152.387557274512,foul_lines,Marlins Park,"Miami, FL"
10416,marlins,173.38481949665797,156.398514407242,foul_lines,Marlins Park,"Miami, FL"
10417,marlins,169.36775120527,160.409471539972,foul_lines,Marlins Park,"Miami, FL"
10418,marlins,165.350682913882,164.420428672701,foul_lines,Marlins Park,"Miami, FL"
10419,marlins,161.333614622493,168.431385805431,foul_lines,Marlins Park,"Miami, FL"
10420,marlins,157.316546331105,172.442342938161,foul_lines,Marlins Park,"Miami, FL"
10421,marlins,153.299478039717,176.453300070891,foul_lines,Marlins Park,"Miami, FL"
10422,marlins,149.282409748329,180.46425720362095,foul_lines,Marlins Park,"Miami, FL"
10423,marlins,145.265341456941,184.475214336351,foul_lines,Marlins Park,"Miami, FL"
10424,marlins,141.248273165553,188.486171469081,foul_lines,Marlins Park,"Miami, FL"
10425,marlins,137.231204874164,192.49712860181,foul_lines,Marlins Park,"Miami, FL"
10426,marlins,133.214136582776,196.50808573454,foul_lines,Marlins Park,"Miami, FL"
10427,marlins,129.197068291388,200.51904286727,foul_lines,Marlins Park,"Miami, FL"
10428,marlins,125.18,204.53,foul_lines,Marlins Park,"Miami, FL"
12129,astros,126.7,201.88,home_plate,Minute Maid Park,"Houston, TX"
12130,astros,126.62540141009,201.954114183482,home_plate,Minute Maid Park,"Houston, TX"
12131,astros,126.55080282018,202.028228366964,home_plate,Minute Maid Park,"Houston, TX"
12132,astros,126.47620423027,202.102342550446,home_plate,Minute Maid Park,"Houston, TX"
12133,astros,126.40160564036002,202.176456733928,home_plate,Minute Maid Park,"Houston, TX"
12134,astros,126.32700705045,202.25057091741,home_plate,Minute Maid Park,"Houston, TX"
12135,astros,126.25240846054,202.324685100892,home_plate,Minute Maid Park,"Houston, TX"
12136,astros,126.17780987063,202.398799284374,home_plate,Minute Maid Park,"Houston, TX"
12137,astros,126.10321128072,202.472913467856,home_plate,Minute Maid Park,"Houston, TX"
12138,astros,126.02861269081,202.547027651338,home_plate,Minute Maid Park,"Houston, TX"
12139,astros,125.9540141009,202.62114183482,home_plate,Minute Maid Park,"Houston, TX"
12140,astros,125.87941551099,202.695256018302,home_plate,Minute Maid Park,"Houston, TX"
12141,astros,125.80481692108,202.769370201784,home_plate,Minute Maid Park,"Houston, TX"
12142,astros,125.73021833117,202.843484385266,home_plate,Minute Maid Park,"Houston, TX"
12143,astros,125.65561974126,202.917598568748,home_plate,Minute Maid Park,"Houston, TX"
12144,astros,125.58102115135,202.99171275223,home_plate,Minute Maid Park,"Houston, TX"
12145,astros,125.50642256144,203.065826935712,home_plate,Minute Maid Park,"Houston, TX"
12146,astros,125.431823971531,203.139941119194,home_plate,Minute Maid Park,"Houston, TX"
12147,astros,125.357225381621,203.214055302676,home_plate,Minute Maid Park,"Houston, TX"
12148,astros,125.282626791711,203.288169486158,home_plate,Minute Maid Park,"Houston, TX"
12149,astros,125.208028201801,203.36228366964,home_plate,Minute Maid Park,"Houston, TX"
12150,astros,125.133690546808,203.383342077229,home_plate,Minute Maid Park,"Houston, TX"
12151,astros,125.059824553532,203.308497726426,home_plate,Minute Maid Park,"Houston, TX"
12152,astros,124.985958560256,203.233653375624,home_plate,Minute Maid Park,"Houston, TX"
12153,astros,124.91209256698,203.158809024821,home_plate,Minute Maid Park,"Houston, TX"
12154,astros,124.838226573704,203.083964674018,home_plate,Minute Maid Park,"Houston, TX"
12155,astros,124.764360580428,203.009120323215,home_plate,Minute Maid Park,"Houston, TX"
12156,astros,124.690494587152,202.934275972412,home_plate,Minute Maid Park,"Houston, TX"
12157,astros,124.616628593876,202.859431621609,home_plate,Minute Maid Park,"Houston, TX"
12158,astros,124.5427626006,202.784587270806,home_plate,Minute Maid Park,"Houston, TX"
12159,astros,124.468896607324,202.709742920003,home_plate,Minute Maid Park,"Houston, TX"
12160,astros,124.395030614048,202.634898569201,home_plate,Minute Maid Park,"Houston, TX"
12161,astros,124.321164620772,202.560054218398,home_plate,Minute Maid Park,"Houston, TX"
12162,astros,124.247298627496,202.485209867595,home_plate,Minute Maid Park,"Houston, TX"
12163,astros,124.17343263422,202.410365516792,home_plate,Minute Maid Park,"Houston, TX"
12164,astros,124.099566640944,202.335521165989,home_plate,Minute Maid Park,"Houston, TX"
12165,astros,124.025700647668,202.260676815186,home_plate,Minute Maid Park,"Houston, TX"
12166,astros,123.951834654391,202.185832464383,home_plate,Minute Maid Park,"Houston, TX"
12167,astros,123.877968661115,202.11098811358104,home_plate,Minute Maid Park,"Houston, TX"
12168,astros,123.804102667839,202.036143762778,home_plate,Minute Maid Park,"Houston, TX"
12169,astros,123.730236674563,201.96129941197495,home_plate,Minute Maid Park,"Houston, TX"
12170,astros,123.656370681287,201.886455061172,home_plate,Minute Maid Park,"Houston, TX"
12171,astros,123.65,201.783912997358,home_plate,Minute Maid Park,"Houston, TX"
12172,astros,123.65,201.678756628984,home_plate,Minute Maid Park,"Houston, TX"
12173,astros,123.65,201.57360026060903,home_plate,Minute Maid Park,"Houston, TX"
12174,astros,123.65,201.468443892234,home_plate,Minute Maid Park,"Houston, TX"
12175,astros,123.65,201.363287523859,home_plate,Minute Maid Park,"Houston, TX"
12176,astros,123.65,201.258131155485,home_plate,Minute Maid Park,"Houston, TX"
12177,astros,123.65,201.15297478711005,home_plate,Minute Maid Park,"Houston, TX"
12178,astros,123.65,201.047818418735,home_plate,Minute Maid Park,"Houston, TX"
12179,astros,123.65,200.94266205036095,home_plate,Minute Maid Park,"Houston, TX"
12180,astros,123.65,200.837505681986,home_plate,Minute Maid Park,"Houston, TX"
12181,astros,123.65,200.732349313611,home_plate,Minute Maid Park,"Houston, TX"
12182,astros,123.65,200.627192945237,home_plate,Minute Maid Park,"Houston, TX"
12183,astros,123.65,200.522036576862,home_plate,Minute Maid Park,"Houston, TX"
12184,astros,123.65,200.41688020848704,home_plate,Minute Maid Park,"Houston, TX"
12185,astros,123.698276159888,200.36,home_plate,Minute Maid Park,"Houston, TX"
12186,astros,123.803432528262,200.36,home_plate,Minute Maid Park,"Houston, TX"
12187,astros,123.908588896637,200.36,home_plate,Minute Maid Park,"Houston, TX"
12188,astros,124.013745265012,200.36,home_plate,Minute Maid Park,"Houston, TX"
12189,astros,124.118901633386,200.36,home_plate,Minute Maid Park,"Houston, TX"
12190,astros,124.224058001761,200.36,home_plate,Minute Maid Park,"Houston, TX"
12191,astros,124.329214370136,200.36,home_plate,Minute Maid Park,"Houston, TX"
12192,astros,124.434370738511,200.36,home_plate,Minute Maid Park,"Houston, TX"
12193,astros,124.539527106885,200.36,home_plate,Minute Maid Park,"Houston, TX"
12194,astros,124.64468347526,200.36,home_plate,Minute Maid Park,"Houston, TX"
12195,astros,124.749839843635,200.36,home_plate,Minute Maid Park,"Houston, TX"
12196,astros,124.85499621200898,200.36,home_plate,Minute Maid Park,"Houston, TX"
12197,astros,124.960152580384,200.36,home_plate,Minute Maid Park,"Houston, TX"
12198,astros,125.065308948759,200.36,home_plate,Minute Maid Park,"Houston, TX"
12199,astros,125.170465317134,200.36,home_plate,Minute Maid Park,"Houston, TX"
12200,astros,125.275621685508,200.36,home_plate,Minute Maid Park,"Houston, TX"
12201,astros,125.380778053883,200.36,home_plate,Minute Maid Park,"Houston, TX"
12202,astros,125.485934422258,200.36,home_plate,Minute Maid Park,"Houston, TX"
12203,astros,125.591090790632,200.36,home_plate,Minute Maid Park,"Houston, TX"
12204,astros,125.696247159007,200.36,home_plate,Minute Maid Park,"Houston, TX"
12205,astros,125.801403527382,200.36,home_plate,Minute Maid Park,"Houston, TX"
12206,astros,125.906559895756,200.36,home_plate,Minute Maid Park,"Houston, TX"
12207,astros,126.011716264131,200.36,home_plate,Minute Maid Park,"Houston, TX"
12208,astros,126.116872632506,200.36,home_plate,Minute Maid Park,"Houston, TX"
12209,astros,126.222029000881,200.36,home_plate,Minute Maid Park,"Houston, TX"
12210,astros,126.327185369255,200.36,home_plate,Minute Maid Park,"Houston, TX"
12211,astros,126.43234173763,200.36,home_plate,Minute Maid Park,"Houston, TX"
12212,astros,126.537498106005,200.36,home_plate,Minute Maid Park,"Houston, TX"
12213,astros,126.642654474379,200.36,home_plate,Minute Maid Park,"Houston, TX"
12214,astros,126.7,200.407810842754,home_plate,Minute Maid Park,"Houston, TX"
12215,astros,126.7,200.512967211129,home_plate,Minute Maid Park,"Houston, TX"
12216,astros,126.7,200.618123579504,home_plate,Minute Maid Park,"Houston, TX"
12217,astros,126.7,200.723279947878,home_plate,Minute Maid Park,"Houston, TX"
12218,astros,126.7,200.828436316253,home_plate,Minute Maid Park,"Houston, TX"
12219,astros,126.7,200.933592684628,home_plate,Minute Maid Park,"Houston, TX"
12220,astros,126.7,201.038749053002,home_plate,Minute Maid Park,"Houston, TX"
12221,astros,126.7,201.14390542137696,home_plate,Minute Maid Park,"Houston, TX"
12222,astros,126.7,201.249061789752,home_plate,Minute Maid Park,"Houston, TX"
12223,astros,126.7,201.354218158126,home_plate,Minute Maid Park,"Houston, TX"
12224,astros,126.7,201.459374526501,home_plate,Minute Maid Park,"Houston, TX"
12225,astros,126.7,201.564530894876,home_plate,Minute Maid Park,"Houston, TX"
12226,astros,126.7,201.669687263251,home_plate,Minute Maid Park,"Houston, TX"
12227,astros,126.7,201.77484363162495,home_plate,Minute Maid Park,"Houston, TX"
12228,astros,126.7,201.88,home_plate,Minute Maid Park,"Houston, TX"
13329,marlins,126.7,201.88,home_plate,Marlins Park,"Miami, FL"
13330,marlins,126.62540141009,201.954114183482,home_plate,Marlins Park,"Miami, FL"
13331,marlins,126.55080282018,202.028228366964,home_plate,Marlins Park,"Miami, FL"
13332,marlins,126.47620423027,202.102342550446,home_plate,Marlins Park,"Miami, FL"
13333,marlins,126.40160564036002,202.176456733928,home_plate,Marlins Park,"Miami, FL"
13334,marlins,126.32700705045,202.25057091741,home_plate,Marlins Park,"Miami, FL"
13335,marlins,126.25240846054,202.324685100892,home_plate,Marlins Park,"Miami, FL"
13336,marlins,126.17780987063,202.398799284374,home_plate,Marlins Park,"Miami, FL"
13337,marlins,126.10321128072,202.472913467856,home_plate,Marlins Park,"Miami, FL"
13338,marlins,126.02861269081,202.547027651338,home_plate,Marlins Park,"Miami, FL"
13339,marlins,125.9540141009,202.62114183482,home_plate,Marlins Park,"Miami, FL"
13340,marlins,125.87941551099,202.695256018302,home_plate,Marlins Park,"Miami, FL"
13341,marlins,125.80481692108,202.769370201784,home_plate,Marlins Park,"Miami, FL"
13342,marlins,125.73021833117,202.843484385266,home_plate,Marlins Park,"Miami, FL"
13343,marlins,125.65561974126,202.917598568748,home_plate,Marlins Park,"Miami, FL"
13344,marlins,125.58102115135,202.99171275223,home_plate,Marlins Park,"Miami, FL"
13345,marlins,125.50642256144,203.065826935712,home_plate,Marlins Park,"Miami, FL"
13346,marlins,125.431823971531,203.139941119194,home_plate,Marlins Park,"Miami, FL"
13347,marlins,125.357225381621,203.214055302676,home_plate,Marlins Park,"Miami, FL"
13348,marlins,125.282626791711,203.288169486158,home_plate,Marlins Park,"Miami, FL"
13349,marlins,125.208028201801,203.36228366964,home_plate,Marlins Park,"Miami, FL"
13350,marlins,125.133690546808,203.383342077229,home_plate,Marlins Park,"Miami, FL"
13351,marlins,125.059824553532,203.308497726426,home_plate,Marlins Park,"Miami, FL"
13352,marlins,124.985958560256,203.233653375624,home_plate,Marlins Park,"Miami, FL"
13353,marlins,124.91209256698,203.158809024821,home_plate,Marlins Park,"Miami, FL"
13354,marlins,124.838226573704,203.083964674018,home_plate,Marlins Park,"Miami, FL"
13355,marlins,124.764360580428,203.009120323215,home_plate,Marlins Park,"Miami, FL"
13356,marlins,124.690494587152,202.934275972412,home_plate,Marlins Park,"Miami, FL"
13357,marlins,124.616628593876,202.859431621609,home_plate,Marlins Park,"Miami, FL"
13358,marlins,124.5427626006,202.784587270806,home_plate,Marlins Park,"Miami, FL"
13359,marlins,124.468896607324,202.709742920003,home_plate,Marlins Park,"Miami, FL"
13360,marlins,124.395030614048,202.634898569201,home_plate,Marlins Park,"Miami, FL"
13361,marlins,124.321164620772,202.560054218398,home_plate,Marlins Park,"Miami, FL"
13362,marlins,124.247298627496,202.485209867595,home_plate,Marlins Park,"Miami, FL"
13363,marlins,124.17343263422,202.410365516792,home_plate,Marlins Park,"Miami, FL"
13364,marlins,124.099566640944,202.335521165989,home_plate,Marlins Park,"Miami, FL"
13365,marlins,124.025700647668,202.260676815186,home_plate,Marlins Park,"Miami, FL"
13366,marlins,123.951834654391,202.185832464383,home_plate,Marlins Park,"Miami, FL"
13367,marlins,123.877968661115,202.11098811358104,home_plate,Marlins Park,"Miami, FL"
13368,marlins,123.804102667839,202.036143762778,home_plate,Marlins Park,"Miami, FL"
13369,marlins,123.730236674563,201.96129941197495,home_plate,Marlins Park,"Miami, FL"
13370,marlins,123.656370681287,201.886455061172,home_plate,Marlins Park,"Miami, FL"
13371,marlins,123.65,201.783912997358,home_plate,Marlins Park,"Miami, FL"
13372,marlins,123.65,201.678756628984,home_plate,Marlins Park,"Miami, FL"
13373,marlins,123.65,201.57360026060903,home_plate,Marlins Park,"Miami, FL"
13374,marlins,123.65,201.468443892234,home_plate,Marlins Park,"Miami, FL"
13375,marlins,123.65,201.363287523859,home_plate,Marlins Park,"Miami, FL"
13376,marlins,123.65,201.258131155485,home_plate,Marlins Park,"Miami, FL"
13377,marlins,123.65,201.15297478711005,home_plate,Marlins Park,"Miami, FL"
13378,marlins,123.65,201.047818418735,home_plate,Marlins Park,"Miami, FL"
13379,marlins,123.65,200.94266205036095,home_plate,Marlins Park,"Miami, FL"
13380,marlins,123.65,200.837505681986,home_plate,Marlins Park,"Miami, FL"
13381,marlins,123.65,200.732349313611,home_plate,Marlins Park,"Miami, FL"
13382,marlins,123.65,200.627192945237,home_plate,Marlins Park,"Miami, FL"
13383,marlins,123.65,200.522036576862,home_plate,Marlins Park,"Miami, FL"
13384,marlins,123.65,200.41688020848704,home_plate,Marlins Park,"Miami, FL"
13385,marlins,123.698276159888,200.36,home_plate,Marlins Park,"Miami, FL"
13386,marlins,123.803432528262,200.36,home_plate,Marlins Park,"Miami, FL"
13387,marlins,123.908588896637,200.36,home_plate,Marlins Park,"Miami, FL"
13388,marlins,124.013745265012,200.36,home_plate,Marlins Park,"Miami, FL"
13389,marlins,124.118901633386,200.36,home_plate,Marlins Park,"Miami, FL"
13390,marlins,124.224058001761,200.36,home_plate,Marlins Park,"Miami, FL"
13391,marlins,124.329214370136,200.36,home_plate,Marlins Park,"Miami, FL"
13392,marlins,124.434370738511,200.36,home_plate,Marlins Park,"Miami, FL"
13393,marlins,124.539527106885,200.36,home_plate,Marlins Park,"Miami, FL"
13394,marlins,124.64468347526,200.36,home_plate,Marlins Park,"Miami, FL"
13395,marlins,124.749839843635,200.36,home_plate,Marlins Park,"Miami, FL"
13396,marlins,124.85499621200898,200.36,home_plate,Marlins Park,"Miami, FL"
13397,marlins,124.960152580384,200.36,home_plate,Marlins Park,"Miami, FL"
13398,marlins,125.065308948759,200.36,home_plate,Marlins Park,"Miami, FL"
13399,marlins,125.170465317134,200.36,home_plate,Marlins Park,"Miami, FL"
13400,marlins,125.275621685508,200.36,home_plate,Marlins Park,"Miami, FL"
13401,marlins,125.380778053883,200.36,home_plate,Marlins Park,"Miami, FL"
13402,marlins,125.485934422258,200.36,home_plate,Marlins Park,"Miami, FL"
13403,marlins,125.591090790632,200.36,home_plate,Marlins Park,"Miami, FL"
13404,marlins,125.696247159007,200.36,home_plate,Marlins Park,"Miami, FL"
13405,marlins,125.801403527382,200.36,home_plate,Marlins Park,"Miami, FL"
13406,marlins,125.906559895756,200.36,home_plate,Marlins Park,"Miami, FL"
13407,marlins,126.011716264131,200.36,home_plate,Marlins Park,"Miami, FL"
13408,marlins,126.116872632506,200.36,home_plate,Marlins Park,"Miami, FL"
13409,marlins,126.222029000881,200.36,home_plate,Marlins Park,"Miami, FL"
13410,marlins,126.327185369255,200.36,home_plate,Marlins Park,"Miami, FL"
13411,marlins,126.43234173763,200.36,home_plate,Marlins Park,"Miami, FL"
13412,marlins,126.537498106005,200.36,home_plate,Marlins Park,"Miami, FL"
13413,marlins,126.642654474379,200.36,home_plate,Marlins Park,"Miami, FL"
13414,marlins,126.7,200.407810842754,home_plate,Marlins Park,"Miami, FL"
13415,marlins,126.7,200.512967211129,home_plate,Marlins Park,"Miami, FL"
13416,marlins,126.7,200.618123579504,home_plate,Marlins Park,"Miami, FL"
13417,marlins,126.7,200.723279947878,home_plate,Marlins Park,"Miami, FL"
13418,marlins,126.7,200.828436316253,home_plate,Marlins Park,"Miami, FL"
13419,marlins,126.7,200.933592684628,home_plate,Marlins Park,"Miami, FL"
13420,marlins,126.7,201.038749053002,home_plate,Marlins Park,"Miami, FL"
13421,marlins,126.7,201.14390542137696,home_plate,Marlins Park,"Miami, FL"
13422,marlins,126.7,201.249061789752,home_plate,Marlins Park,"Miami, FL"
13423,marlins,126.7,201.354218158126,home_plate,Marlins Park,"Miami, FL"
13424,marlins,126.7,201.459374526501,home_plate,Marlins Park,"Miami, FL"
13425,marlins,126.7,201.564530894876,home_plate,Marlins Park,"Miami, FL"
13426,marlins,126.7,201.669687263251,home_plate,Marlins Park,"Miami, FL"
13427,marlins,126.7,201.77484363162495,home_plate,Marlins Park,"Miami, FL"
13428,marlins,126.7,201.88,home_plate,Marlins Park,"Miami, FL"
